<?xml version="1.0" encoding="UTF-8"?>
<depth_maps version="1.5.0">
  <depth_map camera_id="0" level="0" path="0/d0.exr">
    <calibration type="frame">
      <resolution width="480" height="640"/>
      <f>490.31097834159931</f>
      <cx>6.1053748187786709</cx>
      <cy>4.6958834009357702</cy>
    </calibration>
  </depth_map>
  <depth_map camera_id="0" level="1" path="1/d0.exr">
    <calibration type="frame">
      <resolution width="240" height="320"/>
      <f>245.15548917079965</f>
      <cx>3.0526874093893355</cx>
      <cy>2.3479417004678851</cy>
    </calibration>
  </depth_map>
  <depth_map camera_id="0" level="2" path="2/d0.exr">
    <calibration type="frame">
      <resolution width="120" height="160"/>
      <f>122.57774458539983</f>
      <cx>1.5263437046946677</cx>
      <cy>1.1739708502339425</cy>
    </calibration>
  </depth_map>
  <depth_map camera_id="1" level="0" path="0/d1.exr">
    <calibration type="frame">
      <resolution width="480" height="640"/>
      <f>490.31097834159931</f>
      <cx>6.1053748187786709</cx>
      <cy>4.6958834009357702</cy>
    </calibration>
  </depth_map>
  <depth_map camera_id="1" level="1" path="1/d1.exr">
    <calibration type="frame">
      <resolution width="240" height="320"/>
      <f>245.15548917079965</f>
      <cx>3.0526874093893355</cx>
      <cy>2.3479417004678851</cy>
    </calibration>
  </depth_map>
  <depth_map camera_id="2" level="0" path="0/d2.exr">
    <calibration type="frame">
      <resolution width="480" height="640"/>
      <f>490.31097834159931</f>
      <cx>6.1053748187786709</cx>
      <cy>4.6958834009357702</cy>
    </calibration>
  </depth_map>
  <depth_map camera_id="2" level="1" path="1/d2.exr">
    <calibration type="frame">
      <resolution width="240" height="320"/>
      <f>245.15548917079965</f>
      <cx>3.0526874093893355</cx>
      <cy>2.3479417004678851</cy>
    </calibration>
  </depth_map>
  <depth_map camera_id="3" level="0" path="0/d3.exr">
    <calibration type="frame">
      <resolution width="480" height="640"/>
      <f>490.31097834159931</f>
      <cx>6.1053748187786709</cx>
      <cy>4.6958834009357702</cy>
    </calibration>
  </depth_map>
  <depth_map camera_id="3" level="1" path="1/d3.exr">
    <calibration type="frame">
      <resolution width="240" height="320"/>
      <f>245.15548917079965</f>
      <cx>3.0526874093893355</cx>
      <cy>2.3479417004678851</cy>
    </calibration>
  </depth_map>
  <depth_map camera_id="4" level="0" path="0/d4.exr">
    <calibration type="frame">
      <resolution width="480" height="640"/>
      <f>490.31097834159931</f>
      <cx>6.1053748187786709</cx>
      <cy>4.6958834009357702</cy>
    </calibration>
  </depth_map>
  <depth_map camera_id="4" level="1" path="1/d4.exr">
    <calibration type="frame">
      <resolution width="240" height="320"/>
      <f>245.15548917079965</f>
      <cx>3.0526874093893355</cx>
      <cy>2.3479417004678851</cy>
    </calibration>
  </depth_map>
  <depth_map camera_id="5" level="0" path="0/d5.exr">
    <calibration type="frame">
      <resolution width="480" height="640"/>
      <f>490.31097834159931</f>
      <cx>6.1053748187786709</cx>
      <cy>4.6958834009357702</cy>
    </calibration>
  </depth_map>
  <depth_map camera_id="6" level="0" path="0/d6.exr">
    <calibration type="frame">
      <resolution width="480" height="640"/>
      <f>490.31097834159931</f>
      <cx>6.1053748187786709</cx>
      <cy>4.6958834009357702</cy>
    </calibration>
  </depth_map>
  <depth_map camera_id="22" level="0" path="0/d22.exr">
    <calibration type="frame">
      <resolution width="480" height="640"/>
      <f>490.31097834159931</f>
      <cx>6.1053748187786709</cx>
      <cy>4.6958834009357702</cy>
    </calibration>
  </depth_map>
  <depth_map camera_id="23" level="0" path="0/d23.exr">
    <calibration type="frame">
      <resolution width="480" height="640"/>
      <f>490.31097834159931</f>
      <cx>6.1053748187786709</cx>
      <cy>4.6958834009357702</cy>
    </calibration>
  </depth_map>
  <depth_map camera_id="23" level="1" path="1/d23.exr">
    <calibration type="frame">
      <resolution width="240" height="320"/>
      <f>245.15548917079965</f>
      <cx>3.0526874093893355</cx>
      <cy>2.3479417004678851</cy>
    </calibration>
  </depth_map>
  <depth_map camera_id="24" level="0" path="0/d24.exr">
    <calibration type="frame">
      <resolution width="480" height="640"/>
      <f>490.31097834159931</f>
      <cx>6.1053748187786709</cx>
      <cy>4.6958834009357702</cy>
    </calibration>
  </depth_map>
  <depth_map camera_id="24" level="1" path="1/d24.exr">
    <calibration type="frame">
      <resolution width="240" height="320"/>
      <f>245.15548917079965</f>
      <cx>3.0526874093893355</cx>
      <cy>2.3479417004678851</cy>
    </calibration>
  </depth_map>
  <depth_map camera_id="30" level="0" path="0/d30.exr">
    <calibration type="frame">
      <resolution width="480" height="640"/>
      <f>490.31097834159931</f>
      <cx>6.1053748187786709</cx>
      <cy>4.6958834009357702</cy>
    </calibration>
  </depth_map>
  <depth_map camera_id="31" level="0" path="0/d31.exr">
    <calibration type="frame">
      <resolution width="480" height="640"/>
      <f>490.31097834159931</f>
      <cx>6.1053748187786709</cx>
      <cy>4.6958834009357702</cy>
    </calibration>
  </depth_map>
  <depth_map camera_id="39" level="0" path="0/d39.exr">
    <calibration type="frame">
      <resolution width="640" height="480"/>
      <f>505.39049782893585</f>
      <cx>1.2292991788306153</cx>
      <cy>-2.175302732244603</cy>
    </calibration>
  </depth_map>
  <depth_map camera_id="39" level="1" path="1/d39.exr">
    <calibration type="frame">
      <resolution width="320" height="240"/>
      <f>252.69524891446792</f>
      <cx>0.61464958941530767</cx>
      <cy>-1.0876513661223015</cy>
    </calibration>
  </depth_map>
  <depth_map camera_id="40" level="0" path="0/d40.exr">
    <calibration type="frame">
      <resolution width="640" height="480"/>
      <f>505.39049782893585</f>
      <cx>1.2292991788306153</cx>
      <cy>-2.175302732244603</cy>
    </calibration>
  </depth_map>
  <depth_map camera_id="40" level="1" path="1/d40.exr">
    <calibration type="frame">
      <resolution width="320" height="240"/>
      <f>252.69524891446792</f>
      <cx>0.61464958941530767</cx>
      <cy>-1.0876513661223015</cy>
    </calibration>
  </depth_map>
  <depth_map camera_id="41" level="0" path="0/d41.exr">
    <calibration type="frame">
      <resolution width="640" height="480"/>
      <f>505.39049782893585</f>
      <cx>1.2292991788306153</cx>
      <cy>-2.175302732244603</cy>
    </calibration>
  </depth_map>
  <depth_map camera_id="41" level="1" path="1/d41.exr">
    <calibration type="frame">
      <resolution width="320" height="240"/>
      <f>252.69524891446792</f>
      <cx>0.61464958941530767</cx>
      <cy>-1.0876513661223015</cy>
    </calibration>
  </depth_map>
  <depth_map camera_id="42" level="0" path="0/d42.exr">
    <calibration type="frame">
      <resolution width="640" height="480"/>
      <f>505.39049782893585</f>
      <cx>1.2292991788306153</cx>
      <cy>-2.175302732244603</cy>
    </calibration>
  </depth_map>
  <depth_map camera_id="42" level="1" path="1/d42.exr">
    <calibration type="frame">
      <resolution width="320" height="240"/>
      <f>252.69524891446792</f>
      <cx>0.61464958941530767</cx>
      <cy>-1.0876513661223015</cy>
    </calibration>
  </depth_map>
  <depth_map camera_id="42" level="2" path="2/d42.exr">
    <calibration type="frame">
      <resolution width="160" height="120"/>
      <f>126.34762445723396</f>
      <cx>0.30732479470765384</cx>
      <cy>-0.54382568306115076</cy>
    </calibration>
  </depth_map>
  <depth_map camera_id="43" level="0" path="0/d43.exr">
    <calibration type="frame">
      <resolution width="640" height="480"/>
      <f>505.39049782893585</f>
      <cx>1.2292991788306153</cx>
      <cy>-2.175302732244603</cy>
    </calibration>
  </depth_map>
  <depth_map camera_id="43" level="1" path="1/d43.exr">
    <calibration type="frame">
      <resolution width="320" height="240"/>
      <f>252.69524891446792</f>
      <cx>0.61464958941530767</cx>
      <cy>-1.0876513661223015</cy>
    </calibration>
  </depth_map>
  <depth_map camera_id="44" level="0" path="0/d44.exr">
    <calibration type="frame">
      <resolution width="640" height="480"/>
      <f>505.39049782893585</f>
      <cx>1.2292991788306153</cx>
      <cy>-2.175302732244603</cy>
    </calibration>
  </depth_map>
  <depth_map camera_id="44" level="1" path="1/d44.exr">
    <calibration type="frame">
      <resolution width="320" height="240"/>
      <f>252.69524891446792</f>
      <cx>0.61464958941530767</cx>
      <cy>-1.0876513661223015</cy>
    </calibration>
  </depth_map>
  <depth_map camera_id="45" level="0" path="0/d45.exr">
    <calibration type="frame">
      <resolution width="640" height="480"/>
      <f>505.39049782893585</f>
      <cx>1.2292991788306153</cx>
      <cy>-2.175302732244603</cy>
    </calibration>
  </depth_map>
  <depth_map camera_id="45" level="1" path="1/d45.exr">
    <calibration type="frame">
      <resolution width="320" height="240"/>
      <f>252.69524891446792</f>
      <cx>0.61464958941530767</cx>
      <cy>-1.0876513661223015</cy>
    </calibration>
  </depth_map>
  <depth_map camera_id="46" level="0" path="0/d46.exr">
    <calibration type="frame">
      <resolution width="640" height="480"/>
      <f>505.39049782893585</f>
      <cx>1.2292991788306153</cx>
      <cy>-2.175302732244603</cy>
    </calibration>
  </depth_map>
  <depth_map camera_id="46" level="1" path="1/d46.exr">
    <calibration type="frame">
      <resolution width="320" height="240"/>
      <f>252.69524891446792</f>
      <cx>0.61464958941530767</cx>
      <cy>-1.0876513661223015</cy>
    </calibration>
  </depth_map>
</depth_maps>
