<?xml version="1.0" encoding="UTF-8"?>
<point_cloud version="1.2.0">
  <params>
    <dataType>uint8</dataType>
    <bands>
      <band label="Red"/>
      <band label="Green"/>
      <band label="Blue"/>
    </bands>
  </params>
  <tracks path="tracks.ply" count="67408"/>
  <points path="points.ply" count="67028"/>
  <projections camera_id="0" path="p0.ply" count="5599"/>
  <projections camera_id="1" path="p1.ply" count="5360"/>
  <projections camera_id="2" path="p2.ply" count="3552"/>
  <projections camera_id="3" path="p3.ply" count="2918"/>
  <projections camera_id="4" path="p4.ply" count="1907"/>
  <projections camera_id="5" path="p5.ply" count="1444"/>
  <projections camera_id="6" path="p6.ply" count="1622"/>
  <projections camera_id="7" path="p7.ply" count="1958"/>
  <projections camera_id="8" path="p8.ply" count="3083"/>
  <projections camera_id="9" path="p9.ply" count="5268"/>
  <projections camera_id="10" path="p10.ply" count="5894"/>
  <projections camera_id="11" path="p11.ply" count="4336"/>
  <projections camera_id="12" path="p12.ply" count="4175"/>
  <projections camera_id="13" path="p13.ply" count="5484"/>
  <projections camera_id="14" path="p14.ply" count="4613"/>
  <projections camera_id="15" path="p15.ply" count="4582"/>
  <projections camera_id="16" path="p16.ply" count="3548"/>
  <projections camera_id="17" path="p17.ply" count="3225"/>
  <projections camera_id="18" path="p18.ply" count="2861"/>
  <projections camera_id="19" path="p19.ply" count="1801"/>
  <projections camera_id="20" path="p20.ply" count="1703"/>
  <projections camera_id="21" path="p21.ply" count="412"/>
  <projections camera_id="22" path="p22.ply" count="3199"/>
  <projections camera_id="23" path="p23.ply" count="5175"/>
  <projections camera_id="24" path="p24.ply" count="4126"/>
  <projections camera_id="25" path="p25.ply" count="4294"/>
  <projections camera_id="26" path="p26.ply" count="4358"/>
  <projections camera_id="27" path="p27.ply" count="788"/>
  <projections camera_id="28" path="p28.ply" count="1054"/>
  <projections camera_id="29" path="p29.ply" count="1709"/>
  <projections camera_id="30" path="p30.ply" count="2293"/>
  <projections camera_id="31" path="p31.ply" count="2229"/>
  <projections camera_id="32" path="p32.ply" count="633"/>
  <projections camera_id="33" path="p33.ply" count="3208"/>
  <projections camera_id="34" path="p34.ply" count="5620"/>
  <projections camera_id="35" path="p35.ply" count="4297"/>
  <projections camera_id="36" path="p36.ply" count="3644"/>
  <projections camera_id="37" path="p37.ply" count="3970"/>
  <projections camera_id="38" path="p38.ply" count="3739"/>
  <projections camera_id="39" path="p39.ply" count="4965"/>
  <projections camera_id="40" path="p40.ply" count="4407"/>
  <projections camera_id="41" path="p41.ply" count="3211"/>
  <projections camera_id="42" path="p42.ply" count="6485"/>
  <projections camera_id="43" path="p43.ply" count="4932"/>
  <projections camera_id="44" path="p44.ply" count="4918"/>
  <projections camera_id="45" path="p45.ply" count="4348"/>
  <projections camera_id="46" path="p46.ply" count="2271"/>
  <projections camera_id="47" path="p47.ply" count="537"/>
  <projections camera_id="48" path="p48.ply" count="1055"/>
  <projections camera_id="49" path="p49.ply" count="581"/>
  <projections camera_id="50" path="p50.ply" count="423"/>
  <projections camera_id="51" path="p51.ply" count="342"/>
  <projections camera_id="53" path="p53.ply" count="2254"/>
  <projections camera_id="54" path="p54.ply" count="126"/>
  <projections camera_id="55" path="p55.ply" count="401"/>
  <projections camera_id="56" path="p56.ply" count="53"/>
  <projections camera_id="57" path="p57.ply" count="58"/>
  <projections camera_id="58" path="p58.ply" count="202"/>
  <projections camera_id="59" path="p59.ply" count="120"/>
  <projections camera_id="60" path="p60.ply" count="244"/>
  <projections camera_id="61" path="p61.ply" count="421"/>
  <projections camera_id="62" path="p62.ply" count="342"/>
  <projections camera_id="63" path="p63.ply" count="353"/>
  <projections camera_id="64" path="p64.ply" count="421"/>
  <projections camera_id="65" path="p65.ply" count="368"/>
  <projections camera_id="66" path="p66.ply" count="325"/>
  <projections camera_id="67" path="p67.ply" count="221"/>
  <projections camera_id="68" path="p68.ply" count="185"/>
  <projections camera_id="69" path="p69.ply" count="188"/>
  <projections camera_id="70" path="p70.ply" count="115"/>
  <meta>
    <property name="Info/LastSavedDateTime" value="2023:04:25 15:33:22"/>
    <property name="Info/LastSavedSoftwareVersion" value="1.6.5.11249"/>
    <property name="Info/OriginalDateTime" value="2023:04:25 15:32:08"/>
    <property name="Info/OriginalSoftwareVersion" value="1.6.5.11249"/>
    <property name="MatchPhotos/cameras" value=""/>
    <property name="MatchPhotos/downscale" value="0"/>
    <property name="MatchPhotos/duration" value="32.589"/>
    <property name="MatchPhotos/generic_preselection" value="true"/>
    <property name="MatchPhotos/guided_matching" value="false"/>
    <property name="MatchPhotos/keep_keypoints" value="false"/>
    <property name="MatchPhotos/keypoint_limit" value="60000"/>
    <property name="MatchPhotos/max_workgroup_size" value="100"/>
    <property name="MatchPhotos/ram_used" value="183328768"/>
    <property name="MatchPhotos/reference_preselection" value="true"/>
    <property name="MatchPhotos/reference_preselection_mode" value="1"/>
    <property name="MatchPhotos/reset_matches" value="false"/>
    <property name="MatchPhotos/subdivide_task" value="true"/>
    <property name="MatchPhotos/tiepoint_limit" value="50000"/>
    <property name="MatchPhotos/workitem_size_cameras" value="20"/>
    <property name="MatchPhotos/workitem_size_pairs" value="80"/>
  </meta>
</point_cloud>
