<?xml version="1.0" encoding="UTF-8"?>
<thumbnails version="1.2.0">
  <thumbnail camera_id="0" path="c0.jpg"/>
  <thumbnail camera_id="1" path="c1.jpg"/>
  <thumbnail camera_id="2" path="c2.jpg"/>
  <thumbnail camera_id="3" path="c3.jpg"/>
  <thumbnail camera_id="4" path="c4.jpg"/>
  <thumbnail camera_id="5" path="c5.jpg"/>
  <thumbnail camera_id="6" path="c6.jpg"/>
  <thumbnail camera_id="7" path="c7.jpg"/>
  <thumbnail camera_id="8" path="c8.jpg"/>
  <thumbnail camera_id="9" path="c9.jpg"/>
  <thumbnail camera_id="10" path="c10.jpg"/>
  <thumbnail camera_id="11" path="c11.jpg"/>
  <thumbnail camera_id="12" path="c12.jpg"/>
  <thumbnail camera_id="13" path="c13.jpg"/>
  <thumbnail camera_id="14" path="c14.jpg"/>
  <thumbnail camera_id="15" path="c15.jpg"/>
  <thumbnail camera_id="16" path="c16.jpg"/>
  <thumbnail camera_id="17" path="c17.jpg"/>
  <thumbnail camera_id="18" path="c18.jpg"/>
  <thumbnail camera_id="19" path="c19.jpg"/>
  <thumbnail camera_id="20" path="c20.jpg"/>
  <thumbnail camera_id="21" path="c21.jpg"/>
  <thumbnail camera_id="22" path="c22.jpg"/>
  <thumbnail camera_id="23" path="c23.jpg"/>
  <thumbnail camera_id="24" path="c24.jpg"/>
  <thumbnail camera_id="25" path="c25.jpg"/>
  <thumbnail camera_id="26" path="c26.jpg"/>
  <thumbnail camera_id="27" path="c27.jpg"/>
  <thumbnail camera_id="28" path="c28.jpg"/>
  <thumbnail camera_id="29" path="c29.jpg"/>
  <thumbnail camera_id="30" path="c30.jpg"/>
  <thumbnail camera_id="31" path="c31.jpg"/>
  <thumbnail camera_id="32" path="c32.jpg"/>
  <thumbnail camera_id="33" path="c33.jpg"/>
  <thumbnail camera_id="34" path="c34.jpg"/>
  <thumbnail camera_id="35" path="c35.jpg"/>
  <thumbnail camera_id="36" path="c36.jpg"/>
  <thumbnail camera_id="37" path="c37.jpg"/>
  <thumbnail camera_id="38" path="c38.jpg"/>
  <thumbnail camera_id="39" path="c39.jpg"/>
  <thumbnail camera_id="52" path="c52.jpg"/>
  <thumbnail camera_id="53" path="c53.jpg"/>
  <thumbnail camera_id="54" path="c54.jpg"/>
  <thumbnail camera_id="55" path="c55.jpg"/>
  <thumbnail camera_id="56" path="c56.jpg"/>
  <thumbnail camera_id="57" path="c57.jpg"/>
  <thumbnail camera_id="58" path="c58.jpg"/>
  <thumbnail camera_id="59" path="c59.jpg"/>
  <thumbnail camera_id="60" path="c60.jpg"/>
  <thumbnail camera_id="113" path="c113.jpg"/>
  <thumbnail camera_id="114" path="c114.jpg"/>
  <thumbnail camera_id="115" path="c115.jpg"/>
  <thumbnail camera_id="116" path="c116.jpg"/>
  <thumbnail camera_id="117" path="c117.jpg"/>
  <thumbnail camera_id="118" path="c118.jpg"/>
  <thumbnail camera_id="119" path="c119.jpg"/>
  <thumbnail camera_id="120" path="c120.jpg"/>
  <thumbnail camera_id="121" path="c121.jpg"/>
  <thumbnail camera_id="122" path="c122.jpg"/>
  <thumbnail camera_id="123" path="c123.jpg"/>
  <thumbnail camera_id="124" path="c124.jpg"/>
  <thumbnail camera_id="125" path="c125.jpg"/>
  <thumbnail camera_id="126" path="c126.jpg"/>
  <thumbnail camera_id="127" path="c127.jpg"/>
  <thumbnail camera_id="128" path="c128.jpg"/>
  <thumbnail camera_id="129" path="c129.jpg"/>
  <thumbnail camera_id="130" path="c130.jpg"/>
  <thumbnail camera_id="131" path="c131.jpg"/>
  <thumbnail camera_id="132" path="c132.jpg"/>
  <thumbnail camera_id="133" path="c133.jpg"/>
  <thumbnail camera_id="134" path="c134.jpg"/>
  <thumbnail camera_id="135" path="c135.jpg"/>
  <thumbnail camera_id="136" path="c136.jpg"/>
  <thumbnail camera_id="137" path="c137.jpg"/>
  <thumbnail camera_id="138" path="c138.jpg"/>
  <thumbnail camera_id="139" path="c139.jpg"/>
  <thumbnail camera_id="140" path="c140.jpg"/>
  <thumbnail camera_id="141" path="c141.jpg"/>
  <thumbnail camera_id="142" path="c142.jpg"/>
  <thumbnail camera_id="143" path="c143.jpg"/>
  <thumbnail camera_id="144" path="c144.jpg"/>
  <thumbnail camera_id="145" path="c145.jpg"/>
  <thumbnail camera_id="146" path="c146.jpg"/>
  <thumbnail camera_id="147" path="c147.jpg"/>
  <thumbnail camera_id="148" path="c148.jpg"/>
  <thumbnail camera_id="149" path="c149.jpg"/>
  <thumbnail camera_id="150" path="c150.jpg"/>
  <thumbnail camera_id="151" path="c151.jpg"/>
  <thumbnail camera_id="152" path="c152.jpg"/>
  <thumbnail camera_id="153" path="c153.jpg"/>
  <thumbnail camera_id="154" path="c154.jpg"/>
  <thumbnail camera_id="155" path="c155.jpg"/>
  <thumbnail camera_id="156" path="c156.jpg"/>
  <thumbnail camera_id="157" path="c157.jpg"/>
  <thumbnail camera_id="158" path="c158.jpg"/>
  <thumbnail camera_id="159" path="c159.jpg"/>
  <thumbnail camera_id="160" path="c160.jpg"/>
  <thumbnail camera_id="161" path="c161.jpg"/>
  <thumbnail camera_id="162" path="c162.jpg"/>
  <thumbnail camera_id="163" path="c163.jpg"/>
  <thumbnail camera_id="164" path="c164.jpg"/>
  <thumbnail camera_id="165" path="c165.jpg"/>
  <thumbnail camera_id="166" path="c166.jpg"/>
  <thumbnail camera_id="167" path="c167.jpg"/>
  <thumbnail camera_id="168" path="c168.jpg"/>
  <thumbnail camera_id="169" path="c169.jpg"/>
  <thumbnail camera_id="170" path="c170.jpg"/>
  <thumbnail camera_id="171" path="c171.jpg"/>
  <thumbnail camera_id="172" path="c172.jpg"/>
  <thumbnail camera_id="173" path="c173.jpg"/>
  <thumbnail camera_id="174" path="c174.jpg"/>
  <thumbnail camera_id="175" path="c175.jpg"/>
  <thumbnail camera_id="176" path="c176.jpg"/>
  <thumbnail camera_id="177" path="c177.jpg"/>
  <thumbnail camera_id="178" path="c178.jpg"/>
</thumbnails>
