<?xml version="1.0" encoding="UTF-8"?>
<frame version="1.2.0">
  <cameras>
    <camera camera_id="0">
      <photo path="../../../hairclip_new/IMG_1084 Large.jpeg">
        <meta>
          <property name="Exif/Orientation" value="1"/>
          <property name="File/ImageHeight" value="1280"/>
          <property name="File/ImageWidth" value="960"/>
          <property name="System/FileModifyDate" value="2023:04:25 11:04:44"/>
          <property name="System/FileSize" value="368560"/>
        </meta>
      </photo>
    </camera>
    <camera camera_id="1">
      <photo path="../../../hairclip_new/IMG_1085 Large.jpeg">
        <meta>
          <property name="Exif/Orientation" value="1"/>
          <property name="File/ImageHeight" value="1280"/>
          <property name="File/ImageWidth" value="960"/>
          <property name="System/FileModifyDate" value="2023:04:25 11:04:44"/>
          <property name="System/FileSize" value="341392"/>
        </meta>
      </photo>
    </camera>
    <camera camera_id="2">
      <photo path="../../../hairclip_new/IMG_1086 Large.jpeg">
        <meta>
          <property name="Exif/Orientation" value="1"/>
          <property name="File/ImageHeight" value="1280"/>
          <property name="File/ImageWidth" value="960"/>
          <property name="System/FileModifyDate" value="2023:04:25 11:04:44"/>
          <property name="System/FileSize" value="333879"/>
        </meta>
      </photo>
    </camera>
    <camera camera_id="3">
      <photo path="../../../hairclip_new/IMG_1087 Large.jpeg">
        <meta>
          <property name="Exif/Orientation" value="1"/>
          <property name="File/ImageHeight" value="1280"/>
          <property name="File/ImageWidth" value="960"/>
          <property name="System/FileModifyDate" value="2023:04:25 11:04:44"/>
          <property name="System/FileSize" value="367050"/>
        </meta>
      </photo>
    </camera>
    <camera camera_id="4">
      <photo path="../../../hairclip_new/IMG_1088 Large.jpeg">
        <meta>
          <property name="Exif/Orientation" value="1"/>
          <property name="File/ImageHeight" value="1280"/>
          <property name="File/ImageWidth" value="960"/>
          <property name="System/FileModifyDate" value="2023:04:25 11:04:44"/>
          <property name="System/FileSize" value="334341"/>
        </meta>
      </photo>
    </camera>
    <camera camera_id="5">
      <photo path="../../../hairclip_new/IMG_1089 Large.jpeg">
        <meta>
          <property name="Exif/Orientation" value="1"/>
          <property name="File/ImageHeight" value="1280"/>
          <property name="File/ImageWidth" value="960"/>
          <property name="System/FileModifyDate" value="2023:04:25 11:04:44"/>
          <property name="System/FileSize" value="320830"/>
        </meta>
      </photo>
    </camera>
    <camera camera_id="6">
      <photo path="../../../hairclip_new/IMG_1090 Large.jpeg">
        <meta>
          <property name="Exif/Orientation" value="1"/>
          <property name="File/ImageHeight" value="1280"/>
          <property name="File/ImageWidth" value="960"/>
          <property name="System/FileModifyDate" value="2023:04:25 11:04:44"/>
          <property name="System/FileSize" value="308385"/>
        </meta>
      </photo>
    </camera>
    <camera camera_id="7">
      <photo path="../../../hairclip_new/IMG_1091 Large.jpeg">
        <meta>
          <property name="Exif/Orientation" value="1"/>
          <property name="File/ImageHeight" value="1280"/>
          <property name="File/ImageWidth" value="960"/>
          <property name="System/FileModifyDate" value="2023:04:25 11:04:44"/>
          <property name="System/FileSize" value="346994"/>
        </meta>
      </photo>
    </camera>
    <camera camera_id="8">
      <photo path="../../../hairclip_new/IMG_1092 Large.jpeg">
        <meta>
          <property name="Exif/Orientation" value="1"/>
          <property name="File/ImageHeight" value="1280"/>
          <property name="File/ImageWidth" value="960"/>
          <property name="System/FileModifyDate" value="2023:04:25 11:04:44"/>
          <property name="System/FileSize" value="390783"/>
        </meta>
      </photo>
    </camera>
    <camera camera_id="9">
      <photo path="../../../hairclip_new/IMG_1093 Large.jpeg">
        <meta>
          <property name="Exif/Orientation" value="1"/>
          <property name="File/ImageHeight" value="1280"/>
          <property name="File/ImageWidth" value="960"/>
          <property name="System/FileModifyDate" value="2023:04:25 11:04:44"/>
          <property name="System/FileSize" value="358326"/>
        </meta>
      </photo>
    </camera>
    <camera camera_id="10">
      <photo path="../../../hairclip_new/IMG_1094 Large.jpeg">
        <meta>
          <property name="Exif/Orientation" value="1"/>
          <property name="File/ImageHeight" value="1280"/>
          <property name="File/ImageWidth" value="960"/>
          <property name="System/FileModifyDate" value="2023:04:25 11:04:44"/>
          <property name="System/FileSize" value="328794"/>
        </meta>
      </photo>
    </camera>
    <camera camera_id="11">
      <photo path="../../../hairclip_new/IMG_1095 Large.jpeg">
        <meta>
          <property name="Exif/Orientation" value="1"/>
          <property name="File/ImageHeight" value="1280"/>
          <property name="File/ImageWidth" value="960"/>
          <property name="System/FileModifyDate" value="2023:04:25 11:04:44"/>
          <property name="System/FileSize" value="327875"/>
        </meta>
      </photo>
    </camera>
    <camera camera_id="12">
      <photo path="../../../hairclip_new/IMG_1098 Large.jpeg">
        <meta>
          <property name="Exif/Orientation" value="1"/>
          <property name="File/ImageHeight" value="1280"/>
          <property name="File/ImageWidth" value="960"/>
          <property name="System/FileModifyDate" value="2023:04:25 11:04:44"/>
          <property name="System/FileSize" value="335648"/>
        </meta>
      </photo>
    </camera>
    <camera camera_id="13">
      <photo path="../../../hairclip_new/IMG_1099 Large.jpeg">
        <meta>
          <property name="Exif/Orientation" value="1"/>
          <property name="File/ImageHeight" value="1280"/>
          <property name="File/ImageWidth" value="960"/>
          <property name="System/FileModifyDate" value="2023:04:25 11:04:44"/>
          <property name="System/FileSize" value="334308"/>
        </meta>
      </photo>
    </camera>
    <camera camera_id="14">
      <photo path="../../../hairclip_new/IMG_1100 Large.jpeg">
        <meta>
          <property name="Exif/Orientation" value="1"/>
          <property name="File/ImageHeight" value="1280"/>
          <property name="File/ImageWidth" value="960"/>
          <property name="System/FileModifyDate" value="2023:04:25 11:04:44"/>
          <property name="System/FileSize" value="344061"/>
        </meta>
      </photo>
    </camera>
    <camera camera_id="15">
      <photo path="../../../hairclip_new/IMG_1101 Large.jpeg">
        <meta>
          <property name="Exif/Orientation" value="1"/>
          <property name="File/ImageHeight" value="1280"/>
          <property name="File/ImageWidth" value="960"/>
          <property name="System/FileModifyDate" value="2023:04:25 11:04:44"/>
          <property name="System/FileSize" value="358127"/>
        </meta>
      </photo>
    </camera>
    <camera camera_id="16">
      <photo path="../../../hairclip_new/IMG_1102 Large.jpeg">
        <meta>
          <property name="Exif/Orientation" value="1"/>
          <property name="File/ImageHeight" value="1280"/>
          <property name="File/ImageWidth" value="960"/>
          <property name="System/FileModifyDate" value="2023:04:25 11:04:44"/>
          <property name="System/FileSize" value="347198"/>
        </meta>
      </photo>
    </camera>
    <camera camera_id="17">
      <photo path="../../../hairclip_new/IMG_1104 Large.jpeg">
        <meta>
          <property name="Exif/Orientation" value="1"/>
          <property name="File/ImageHeight" value="1280"/>
          <property name="File/ImageWidth" value="960"/>
          <property name="System/FileModifyDate" value="2023:04:25 11:04:44"/>
          <property name="System/FileSize" value="322668"/>
        </meta>
      </photo>
    </camera>
    <camera camera_id="18">
      <photo path="../../../hairclip_new/IMG_1105 Large.jpeg">
        <meta>
          <property name="Exif/Orientation" value="1"/>
          <property name="File/ImageHeight" value="1280"/>
          <property name="File/ImageWidth" value="960"/>
          <property name="System/FileModifyDate" value="2023:04:25 11:04:44"/>
          <property name="System/FileSize" value="326669"/>
        </meta>
      </photo>
    </camera>
    <camera camera_id="19">
      <photo path="../../../hairclip_new/IMG_1106 Large.jpeg">
        <meta>
          <property name="Exif/Orientation" value="1"/>
          <property name="File/ImageHeight" value="1280"/>
          <property name="File/ImageWidth" value="960"/>
          <property name="System/FileModifyDate" value="2023:04:25 11:04:44"/>
          <property name="System/FileSize" value="301853"/>
        </meta>
      </photo>
    </camera>
    <camera camera_id="20">
      <photo path="../../../hairclip_new/IMG_1107 Large.jpeg">
        <meta>
          <property name="Exif/Orientation" value="1"/>
          <property name="File/ImageHeight" value="1280"/>
          <property name="File/ImageWidth" value="960"/>
          <property name="System/FileModifyDate" value="2023:04:25 11:04:44"/>
          <property name="System/FileSize" value="298767"/>
        </meta>
      </photo>
    </camera>
    <camera camera_id="21">
      <photo path="../../../hairclip_new/IMG_1109 Large.jpeg">
        <meta>
          <property name="Exif/Orientation" value="1"/>
          <property name="File/ImageHeight" value="1280"/>
          <property name="File/ImageWidth" value="960"/>
          <property name="System/FileModifyDate" value="2023:04:25 11:04:44"/>
          <property name="System/FileSize" value="320912"/>
        </meta>
      </photo>
    </camera>
    <camera camera_id="22">
      <photo path="../../../hairclip_new/IMG_1111 Large.jpeg">
        <meta>
          <property name="Exif/Orientation" value="1"/>
          <property name="File/ImageHeight" value="1280"/>
          <property name="File/ImageWidth" value="960"/>
          <property name="System/FileModifyDate" value="2023:04:25 11:04:44"/>
          <property name="System/FileSize" value="317597"/>
        </meta>
      </photo>
    </camera>
    <camera camera_id="23">
      <photo path="../../../hairclip_new/IMG_1112 Large.jpeg">
        <meta>
          <property name="Exif/Orientation" value="1"/>
          <property name="File/ImageHeight" value="1280"/>
          <property name="File/ImageWidth" value="960"/>
          <property name="System/FileModifyDate" value="2023:04:25 11:04:44"/>
          <property name="System/FileSize" value="307577"/>
        </meta>
      </photo>
    </camera>
    <camera camera_id="24">
      <photo path="../../../hairclip_new/IMG_1113 Large.jpeg">
        <meta>
          <property name="Exif/Orientation" value="1"/>
          <property name="File/ImageHeight" value="1280"/>
          <property name="File/ImageWidth" value="960"/>
          <property name="System/FileModifyDate" value="2023:04:25 11:04:44"/>
          <property name="System/FileSize" value="291297"/>
        </meta>
      </photo>
    </camera>
    <camera camera_id="25">
      <photo path="../../../hairclip_new/IMG_1114 Large.jpeg">
        <meta>
          <property name="Exif/Orientation" value="1"/>
          <property name="File/ImageHeight" value="1280"/>
          <property name="File/ImageWidth" value="960"/>
          <property name="System/FileModifyDate" value="2023:04:25 11:04:44"/>
          <property name="System/FileSize" value="306949"/>
        </meta>
      </photo>
    </camera>
    <camera camera_id="26">
      <photo path="../../../hairclip_new/IMG_1115 Large.jpeg">
        <meta>
          <property name="Exif/Orientation" value="1"/>
          <property name="File/ImageHeight" value="1280"/>
          <property name="File/ImageWidth" value="960"/>
          <property name="System/FileModifyDate" value="2023:04:25 11:04:44"/>
          <property name="System/FileSize" value="343111"/>
        </meta>
      </photo>
    </camera>
    <camera camera_id="27">
      <photo path="../../../hairclip_new/IMG_1116 Large.jpeg">
        <meta>
          <property name="Exif/Orientation" value="1"/>
          <property name="File/ImageHeight" value="1280"/>
          <property name="File/ImageWidth" value="960"/>
          <property name="System/FileModifyDate" value="2023:04:25 11:04:44"/>
          <property name="System/FileSize" value="322317"/>
        </meta>
      </photo>
    </camera>
    <camera camera_id="28">
      <photo path="../../../hairclip_new/IMG_1118 Large.jpeg">
        <meta>
          <property name="Exif/Orientation" value="1"/>
          <property name="File/ImageHeight" value="1280"/>
          <property name="File/ImageWidth" value="960"/>
          <property name="System/FileModifyDate" value="2023:04:25 11:04:44"/>
          <property name="System/FileSize" value="354720"/>
        </meta>
      </photo>
    </camera>
    <camera camera_id="29">
      <photo path="../../../hairclip_new/IMG_1119 Large.jpeg">
        <meta>
          <property name="Exif/Orientation" value="1"/>
          <property name="File/ImageHeight" value="1280"/>
          <property name="File/ImageWidth" value="960"/>
          <property name="System/FileModifyDate" value="2023:04:25 11:04:44"/>
          <property name="System/FileSize" value="395735"/>
        </meta>
      </photo>
    </camera>
    <camera camera_id="30">
      <photo path="../../../hairclip_new/IMG_1120 Large.jpeg">
        <meta>
          <property name="Exif/Orientation" value="1"/>
          <property name="File/ImageHeight" value="1280"/>
          <property name="File/ImageWidth" value="960"/>
          <property name="System/FileModifyDate" value="2023:04:25 11:04:44"/>
          <property name="System/FileSize" value="375883"/>
        </meta>
      </photo>
    </camera>
    <camera camera_id="31">
      <photo path="../../../hairclip_new/IMG_1121 Large.jpeg">
        <meta>
          <property name="Exif/Orientation" value="1"/>
          <property name="File/ImageHeight" value="1280"/>
          <property name="File/ImageWidth" value="960"/>
          <property name="System/FileModifyDate" value="2023:04:25 11:04:44"/>
          <property name="System/FileSize" value="322962"/>
        </meta>
      </photo>
    </camera>
    <camera camera_id="32">
      <photo path="../../../hairclip_new/IMG_1122 Large.jpeg">
        <meta>
          <property name="Exif/Orientation" value="1"/>
          <property name="File/ImageHeight" value="1280"/>
          <property name="File/ImageWidth" value="960"/>
          <property name="System/FileModifyDate" value="2023:04:25 11:04:44"/>
          <property name="System/FileSize" value="294146"/>
        </meta>
      </photo>
    </camera>
    <camera camera_id="33">
      <photo path="../../../hairclip_new/IMG_1128 Large.jpeg">
        <meta>
          <property name="Exif/Orientation" value="1"/>
          <property name="File/ImageHeight" value="960"/>
          <property name="File/ImageWidth" value="1280"/>
          <property name="System/FileModifyDate" value="2023:04:25 11:04:44"/>
          <property name="System/FileSize" value="352817"/>
        </meta>
      </photo>
    </camera>
    <camera camera_id="34">
      <photo path="../../../hairclip_new/IMG_1129 Large.jpeg">
        <meta>
          <property name="Exif/Orientation" value="1"/>
          <property name="File/ImageHeight" value="960"/>
          <property name="File/ImageWidth" value="1280"/>
          <property name="System/FileModifyDate" value="2023:04:25 11:04:44"/>
          <property name="System/FileSize" value="373801"/>
        </meta>
      </photo>
    </camera>
    <camera camera_id="35">
      <photo path="../../../hairclip_new/IMG_1130 Large.jpeg">
        <meta>
          <property name="Exif/Orientation" value="1"/>
          <property name="File/ImageHeight" value="960"/>
          <property name="File/ImageWidth" value="1280"/>
          <property name="System/FileModifyDate" value="2023:04:25 11:04:44"/>
          <property name="System/FileSize" value="395920"/>
        </meta>
      </photo>
    </camera>
    <camera camera_id="36">
      <photo path="../../../hairclip_new/IMG_1131 Large.jpeg">
        <meta>
          <property name="Exif/Orientation" value="1"/>
          <property name="File/ImageHeight" value="960"/>
          <property name="File/ImageWidth" value="1280"/>
          <property name="System/FileModifyDate" value="2023:04:25 11:04:44"/>
          <property name="System/FileSize" value="421274"/>
        </meta>
      </photo>
    </camera>
    <camera camera_id="37">
      <photo path="../../../hairclip_new/IMG_1132 Large.jpeg">
        <meta>
          <property name="Exif/Orientation" value="1"/>
          <property name="File/ImageHeight" value="960"/>
          <property name="File/ImageWidth" value="1280"/>
          <property name="System/FileModifyDate" value="2023:04:25 11:04:44"/>
          <property name="System/FileSize" value="417575"/>
        </meta>
      </photo>
    </camera>
    <camera camera_id="38">
      <photo path="../../../hairclip_new/IMG_1133 Large.jpeg">
        <meta>
          <property name="Exif/Orientation" value="1"/>
          <property name="File/ImageHeight" value="960"/>
          <property name="File/ImageWidth" value="1280"/>
          <property name="System/FileModifyDate" value="2023:04:25 11:04:44"/>
          <property name="System/FileSize" value="442368"/>
        </meta>
      </photo>
    </camera>
    <camera camera_id="39">
      <photo path="../../../hairclip_new/IMG_1134 Large.jpeg">
        <meta>
          <property name="Exif/Orientation" value="1"/>
          <property name="File/ImageHeight" value="960"/>
          <property name="File/ImageWidth" value="1280"/>
          <property name="System/FileModifyDate" value="2023:04:25 11:04:44"/>
          <property name="System/FileSize" value="442713"/>
        </meta>
      </photo>
    </camera>
    <camera camera_id="40">
      <photo path="../../../hairclip_new/IMG_1135 Large.jpeg">
        <meta>
          <property name="Exif/Orientation" value="1"/>
          <property name="File/ImageHeight" value="960"/>
          <property name="File/ImageWidth" value="1280"/>
          <property name="System/FileModifyDate" value="2023:04:25 11:04:44"/>
          <property name="System/FileSize" value="460331"/>
        </meta>
      </photo>
    </camera>
    <camera camera_id="41">
      <photo path="../../../hairclip_new/IMG_1136 Large.jpeg">
        <meta>
          <property name="Exif/Orientation" value="1"/>
          <property name="File/ImageHeight" value="960"/>
          <property name="File/ImageWidth" value="1280"/>
          <property name="System/FileModifyDate" value="2023:04:25 11:04:44"/>
          <property name="System/FileSize" value="415562"/>
        </meta>
      </photo>
    </camera>
    <camera camera_id="42">
      <photo path="../../../hairclip_new/IMG_1137 Large.jpeg">
        <meta>
          <property name="Exif/Orientation" value="1"/>
          <property name="File/ImageHeight" value="960"/>
          <property name="File/ImageWidth" value="1280"/>
          <property name="System/FileModifyDate" value="2023:04:25 11:04:44"/>
          <property name="System/FileSize" value="375634"/>
        </meta>
      </photo>
    </camera>
    <camera camera_id="43">
      <photo path="../../../hairclip_new/IMG_1138 Large.jpeg">
        <meta>
          <property name="Exif/Orientation" value="1"/>
          <property name="File/ImageHeight" value="960"/>
          <property name="File/ImageWidth" value="1280"/>
          <property name="System/FileModifyDate" value="2023:04:25 11:04:44"/>
          <property name="System/FileSize" value="377872"/>
        </meta>
      </photo>
    </camera>
    <camera camera_id="44">
      <photo path="../../../hairclip_new/IMG_1139 Large.jpeg">
        <meta>
          <property name="Exif/Orientation" value="1"/>
          <property name="File/ImageHeight" value="960"/>
          <property name="File/ImageWidth" value="1280"/>
          <property name="System/FileModifyDate" value="2023:04:25 11:04:44"/>
          <property name="System/FileSize" value="336983"/>
        </meta>
      </photo>
    </camera>
    <camera camera_id="45">
      <photo path="../../../hairclip_new/IMG_1140 Large.jpeg">
        <meta>
          <property name="Exif/Orientation" value="1"/>
          <property name="File/ImageHeight" value="960"/>
          <property name="File/ImageWidth" value="1280"/>
          <property name="System/FileModifyDate" value="2023:04:25 11:04:44"/>
          <property name="System/FileSize" value="335350"/>
        </meta>
      </photo>
    </camera>
    <camera camera_id="46">
      <photo path="../../../hairclip_new/IMG_1141 Large.jpeg">
        <meta>
          <property name="Exif/Orientation" value="1"/>
          <property name="File/ImageHeight" value="960"/>
          <property name="File/ImageWidth" value="1280"/>
          <property name="System/FileModifyDate" value="2023:04:25 11:04:44"/>
          <property name="System/FileSize" value="293231"/>
        </meta>
      </photo>
    </camera>
    <camera camera_id="47">
      <photo path="../../../hairclip_new/IMG_1142 Large.jpeg">
        <meta>
          <property name="Exif/Orientation" value="1"/>
          <property name="File/ImageHeight" value="960"/>
          <property name="File/ImageWidth" value="1280"/>
          <property name="System/FileModifyDate" value="2023:04:25 11:04:44"/>
          <property name="System/FileSize" value="265348"/>
        </meta>
      </photo>
    </camera>
    <camera camera_id="48">
      <photo path="../../../hairclip_new/IMG_1143 Large.jpeg">
        <meta>
          <property name="Exif/Orientation" value="1"/>
          <property name="File/ImageHeight" value="960"/>
          <property name="File/ImageWidth" value="1280"/>
          <property name="System/FileModifyDate" value="2023:04:25 11:04:44"/>
          <property name="System/FileSize" value="282332"/>
        </meta>
      </photo>
    </camera>
    <camera camera_id="49">
      <photo path="../../../hairclip_new/IMG_1144 Large.jpeg">
        <meta>
          <property name="Exif/Orientation" value="1"/>
          <property name="File/ImageHeight" value="960"/>
          <property name="File/ImageWidth" value="1280"/>
          <property name="System/FileModifyDate" value="2023:04:25 11:04:44"/>
          <property name="System/FileSize" value="315081"/>
        </meta>
      </photo>
    </camera>
    <camera camera_id="50">
      <photo path="../../../hairclip_new/IMG_1145 Large.jpeg">
        <meta>
          <property name="Exif/Orientation" value="1"/>
          <property name="File/ImageHeight" value="960"/>
          <property name="File/ImageWidth" value="1280"/>
          <property name="System/FileModifyDate" value="2023:04:25 11:04:44"/>
          <property name="System/FileSize" value="318785"/>
        </meta>
      </photo>
    </camera>
    <camera camera_id="51">
      <photo path="../../../hairclip_new/IMG_1147 Large.jpeg">
        <meta>
          <property name="Exif/Orientation" value="1"/>
          <property name="File/ImageHeight" value="960"/>
          <property name="File/ImageWidth" value="1280"/>
          <property name="System/FileModifyDate" value="2023:04:25 11:04:44"/>
          <property name="System/FileSize" value="331549"/>
        </meta>
      </photo>
    </camera>
    <camera camera_id="53">
      <photo path="../../../hairclip_new/IMG_1152 Large.jpeg">
        <meta>
          <property name="Exif/Orientation" value="1"/>
          <property name="File/ImageHeight" value="960"/>
          <property name="File/ImageWidth" value="1280"/>
          <property name="System/FileModifyDate" value="2023:04:25 11:04:44"/>
          <property name="System/FileSize" value="468021"/>
        </meta>
      </photo>
    </camera>
    <camera camera_id="54">
      <photo path="../../../hairclip_new/IMG_1158 Large.jpeg">
        <meta>
          <property name="Exif/Orientation" value="1"/>
          <property name="File/ImageHeight" value="960"/>
          <property name="File/ImageWidth" value="1280"/>
          <property name="System/FileModifyDate" value="2023:04:25 11:04:44"/>
          <property name="System/FileSize" value="250681"/>
        </meta>
      </photo>
    </camera>
    <camera camera_id="55">
      <photo path="../../../hairclip_new/IMG_1159 Large.jpeg">
        <meta>
          <property name="Exif/Orientation" value="1"/>
          <property name="File/ImageHeight" value="960"/>
          <property name="File/ImageWidth" value="1280"/>
          <property name="System/FileModifyDate" value="2023:04:25 11:04:44"/>
          <property name="System/FileSize" value="274688"/>
        </meta>
      </photo>
    </camera>
    <camera camera_id="56">
      <photo path="../../../hairclip_new/IMG_1160 Large.jpeg">
        <meta>
          <property name="Exif/Orientation" value="1"/>
          <property name="File/ImageHeight" value="960"/>
          <property name="File/ImageWidth" value="1280"/>
          <property name="System/FileModifyDate" value="2023:04:25 11:04:44"/>
          <property name="System/FileSize" value="244326"/>
        </meta>
      </photo>
    </camera>
    <camera camera_id="57">
      <photo path="../../../hairclip_new/IMG_1161 Large.jpeg">
        <meta>
          <property name="Exif/Orientation" value="1"/>
          <property name="File/ImageHeight" value="960"/>
          <property name="File/ImageWidth" value="1280"/>
          <property name="System/FileModifyDate" value="2023:04:25 11:04:44"/>
          <property name="System/FileSize" value="259096"/>
        </meta>
      </photo>
    </camera>
    <camera camera_id="58">
      <photo path="../../../hairclip_new/IMG_1162 Large.jpeg">
        <meta>
          <property name="Exif/Orientation" value="1"/>
          <property name="File/ImageHeight" value="960"/>
          <property name="File/ImageWidth" value="1280"/>
          <property name="System/FileModifyDate" value="2023:04:25 11:04:44"/>
          <property name="System/FileSize" value="265576"/>
        </meta>
      </photo>
    </camera>
    <camera camera_id="59">
      <photo path="../../../hairclip_new/IMG_1163 Large.jpeg">
        <meta>
          <property name="Exif/Orientation" value="1"/>
          <property name="File/ImageHeight" value="960"/>
          <property name="File/ImageWidth" value="1280"/>
          <property name="System/FileModifyDate" value="2023:04:25 11:04:44"/>
          <property name="System/FileSize" value="264237"/>
        </meta>
      </photo>
    </camera>
    <camera camera_id="60">
      <photo path="../../../hairclip_new/IMG_1171 Large.jpeg">
        <meta>
          <property name="Exif/Orientation" value="1"/>
          <property name="File/ImageHeight" value="960"/>
          <property name="File/ImageWidth" value="1280"/>
          <property name="System/FileModifyDate" value="2023:04:25 11:04:44"/>
          <property name="System/FileSize" value="258377"/>
        </meta>
      </photo>
    </camera>
    <camera camera_id="61">
      <photo path="../../../hairclip_new/IMG_1172 Large.jpeg">
        <meta>
          <property name="Exif/Orientation" value="1"/>
          <property name="File/ImageHeight" value="960"/>
          <property name="File/ImageWidth" value="1280"/>
          <property name="System/FileModifyDate" value="2023:04:25 11:04:44"/>
          <property name="System/FileSize" value="256252"/>
        </meta>
      </photo>
    </camera>
    <camera camera_id="62">
      <photo path="../../../hairclip_new/IMG_1173 Large.jpeg">
        <meta>
          <property name="Exif/Orientation" value="1"/>
          <property name="File/ImageHeight" value="960"/>
          <property name="File/ImageWidth" value="1280"/>
          <property name="System/FileModifyDate" value="2023:04:25 11:04:44"/>
          <property name="System/FileSize" value="272350"/>
        </meta>
      </photo>
    </camera>
    <camera camera_id="63">
      <photo path="../../../hairclip_new/IMG_1174 Large.jpeg">
        <meta>
          <property name="Exif/Orientation" value="1"/>
          <property name="File/ImageHeight" value="960"/>
          <property name="File/ImageWidth" value="1280"/>
          <property name="System/FileModifyDate" value="2023:04:25 11:04:44"/>
          <property name="System/FileSize" value="214951"/>
        </meta>
      </photo>
    </camera>
    <camera camera_id="64">
      <photo path="../../../hairclip_new/IMG_1175 Large.jpeg">
        <meta>
          <property name="Exif/Orientation" value="1"/>
          <property name="File/ImageHeight" value="960"/>
          <property name="File/ImageWidth" value="1280"/>
          <property name="System/FileModifyDate" value="2023:04:25 11:04:44"/>
          <property name="System/FileSize" value="220571"/>
        </meta>
      </photo>
    </camera>
    <camera camera_id="65">
      <photo path="../../../hairclip_new/IMG_1176 Large.jpeg">
        <meta>
          <property name="Exif/Orientation" value="1"/>
          <property name="File/ImageHeight" value="960"/>
          <property name="File/ImageWidth" value="1280"/>
          <property name="System/FileModifyDate" value="2023:04:25 11:04:44"/>
          <property name="System/FileSize" value="219389"/>
        </meta>
      </photo>
    </camera>
    <camera camera_id="66">
      <photo path="../../../hairclip_new/IMG_1177 Large.jpeg">
        <meta>
          <property name="Exif/Orientation" value="1"/>
          <property name="File/ImageHeight" value="960"/>
          <property name="File/ImageWidth" value="1280"/>
          <property name="System/FileModifyDate" value="2023:04:25 11:04:44"/>
          <property name="System/FileSize" value="215556"/>
        </meta>
      </photo>
    </camera>
    <camera camera_id="67">
      <photo path="../../../hairclip_new/IMG_1178 Large.jpeg">
        <meta>
          <property name="Exif/Orientation" value="1"/>
          <property name="File/ImageHeight" value="960"/>
          <property name="File/ImageWidth" value="1280"/>
          <property name="System/FileModifyDate" value="2023:04:25 11:04:44"/>
          <property name="System/FileSize" value="217870"/>
        </meta>
      </photo>
    </camera>
    <camera camera_id="68">
      <photo path="../../../hairclip_new/IMG_1179 Large.jpeg">
        <meta>
          <property name="Exif/Orientation" value="1"/>
          <property name="File/ImageHeight" value="960"/>
          <property name="File/ImageWidth" value="1280"/>
          <property name="System/FileModifyDate" value="2023:04:25 11:04:44"/>
          <property name="System/FileSize" value="215617"/>
        </meta>
      </photo>
    </camera>
    <camera camera_id="69">
      <photo path="../../../hairclip_new/IMG_1180 Large.jpeg">
        <meta>
          <property name="Exif/Orientation" value="1"/>
          <property name="File/ImageHeight" value="960"/>
          <property name="File/ImageWidth" value="1280"/>
          <property name="System/FileModifyDate" value="2023:04:25 11:04:44"/>
          <property name="System/FileSize" value="210340"/>
        </meta>
      </photo>
    </camera>
    <camera camera_id="70">
      <photo path="../../../hairclip_new/IMG_1181 Large.jpeg">
        <meta>
          <property name="Exif/Orientation" value="1"/>
          <property name="File/ImageHeight" value="960"/>
          <property name="File/ImageWidth" value="1280"/>
          <property name="System/FileModifyDate" value="2023:04:25 11:04:44"/>
          <property name="System/FileSize" value="206682"/>
        </meta>
      </photo>
    </camera>
  </cameras>
  <thumbnails path="thumbnails/thumbnails.zip"/>
  <point_cloud path="point_cloud/point_cloud.zip"/>
  <depth_maps id="0" path="depth_maps/depth_maps.zip"/>
  <dense_cloud id="0" path="dense_cloud/dense_cloud.zip"/>
  <model id="0" path="model/model.zip"/>
</frame>
