<?xml version="1.0" encoding="UTF-8"?>
<point_cloud version="1.7.0">
  <params>
    <dataType>uint8</dataType>
    <bands>
      <band label="Red"/>
      <band label="Green"/>
      <band label="Blue"/>
    </bands>
  </params>
  <tracks path="tracks.ply" count="34961"/>
  <points component_id="0" path="points0.ply" count="17767"/>
  <points component_id="1" path="points1.ply" count="100"/>
  <projections camera_id="0" path="p0.ply" count="1081"/>
  <projections camera_id="1" path="p1.ply" count="1279"/>
  <projections camera_id="2" path="p2.ply" count="1168"/>
  <projections camera_id="3" path="p3.ply" count="1186"/>
  <projections camera_id="4" path="p4.ply" count="1163"/>
  <projections camera_id="5" path="p5.ply" count="1338"/>
  <projections camera_id="6" path="p6.ply" count="1558"/>
  <projections camera_id="7" path="p7.ply" count="1304"/>
  <projections camera_id="8" path="p8.ply" count="1445"/>
  <projections camera_id="9" path="p9.ply" count="1450"/>
  <projections camera_id="10" path="p10.ply" count="1490"/>
  <projections camera_id="11" path="p11.ply" count="1600"/>
  <projections camera_id="12" path="p12.ply" count="1464"/>
  <projections camera_id="13" path="p13.ply" count="932"/>
  <projections camera_id="14" path="p14.ply" count="1349"/>
  <projections camera_id="15" path="p15.ply" count="1232"/>
  <projections camera_id="16" path="p16.ply" count="1230"/>
  <projections camera_id="17" path="p17.ply" count="1085"/>
  <projections camera_id="18" path="p18.ply" count="1039"/>
  <projections camera_id="19" path="p19.ply" count="1058"/>
  <projections camera_id="20" path="p20.ply" count="1682"/>
  <projections camera_id="21" path="p21.ply" count="2058"/>
  <projections camera_id="22" path="p22.ply" count="970"/>
  <projections camera_id="23" path="p23.ply" count="1882"/>
  <projections camera_id="24" path="p24.ply" count="1898"/>
  <projections camera_id="25" path="p25.ply" count="1693"/>
  <projections camera_id="26" path="p26.ply" count="1566"/>
  <projections camera_id="27" path="p27.ply" count="1457"/>
  <projections camera_id="28" path="p28.ply" count="1488"/>
  <projections camera_id="29" path="p29.ply" count="1465"/>
  <projections camera_id="30" path="p30.ply" count="1196"/>
  <projections camera_id="31" path="p31.ply" count="1325"/>
  <projections camera_id="32" path="p32.ply" count="1267"/>
  <projections camera_id="33" path="p33.ply" count="1159"/>
  <projections camera_id="34" path="p34.ply" count="1052"/>
  <projections camera_id="35" path="p35.ply" count="1039"/>
  <projections camera_id="36" path="p36.ply" count="900"/>
  <projections camera_id="37" path="p37.ply" count="891"/>
  <projections camera_id="38" path="p38.ply" count="917"/>
  <projections camera_id="39" path="p39.ply" count="571"/>
  <projections camera_id="52" path="p52.ply" count="1146"/>
  <projections camera_id="53" path="p53.ply" count="1155"/>
  <projections camera_id="54" path="p54.ply" count="451"/>
  <projections camera_id="55" path="p55.ply" count="380"/>
  <projections camera_id="56" path="p56.ply" count="739"/>
  <projections camera_id="57" path="p57.ply" count="738"/>
  <projections camera_id="58" path="p58.ply" count="1786"/>
  <projections camera_id="59" path="p59.ply" count="2017"/>
  <projections camera_id="60" path="p60.ply" count="1412"/>
  <projections camera_id="113" path="p113.ply" count="577"/>
  <projections camera_id="114" path="p114.ply" count="800"/>
  <projections camera_id="115" path="p115.ply" count="1077"/>
  <projections camera_id="116" path="p116.ply" count="1312"/>
  <projections camera_id="117" path="p117.ply" count="1242"/>
  <projections camera_id="118" path="p118.ply" count="1262"/>
  <projections camera_id="119" path="p119.ply" count="1174"/>
  <projections camera_id="120" path="p120.ply" count="1289"/>
  <projections camera_id="121" path="p121.ply" count="1299"/>
  <projections camera_id="122" path="p122.ply" count="1145"/>
  <projections camera_id="123" path="p123.ply" count="1110"/>
  <projections camera_id="124" path="p124.ply" count="934"/>
  <projections camera_id="125" path="p125.ply" count="806"/>
  <projections camera_id="126" path="p126.ply" count="749"/>
  <projections camera_id="127" path="p127.ply" count="888"/>
  <projections camera_id="128" path="p128.ply" count="921"/>
  <projections camera_id="129" path="p129.ply" count="849"/>
  <projections camera_id="130" path="p130.ply" count="1057"/>
  <projections camera_id="131" path="p131.ply" count="975"/>
  <projections camera_id="132" path="p132.ply" count="928"/>
  <projections camera_id="133" path="p133.ply" count="693"/>
  <projections camera_id="134" path="p134.ply" count="962"/>
  <projections camera_id="135" path="p135.ply" count="936"/>
  <projections camera_id="136" path="p136.ply" count="954"/>
  <projections camera_id="137" path="p137.ply" count="980"/>
  <projections camera_id="138" path="p138.ply" count="935"/>
  <projections camera_id="139" path="p139.ply" count="905"/>
  <projections camera_id="140" path="p140.ply" count="908"/>
  <projections camera_id="141" path="p141.ply" count="851"/>
  <projections camera_id="142" path="p142.ply" count="787"/>
  <projections camera_id="143" path="p143.ply" count="840"/>
  <projections camera_id="144" path="p144.ply" count="855"/>
  <projections camera_id="145" path="p145.ply" count="576"/>
  <projections camera_id="146" path="p146.ply" count="1104"/>
  <projections camera_id="147" path="p147.ply" count="1068"/>
  <projections camera_id="148" path="p148.ply" count="874"/>
  <projections camera_id="149" path="p149.ply" count="911"/>
  <projections camera_id="150" path="p150.ply" count="927"/>
  <projections camera_id="151" path="p151.ply" count="759"/>
  <projections camera_id="152" path="p152.ply" count="889"/>
  <projections camera_id="153" path="p153.ply" count="823"/>
  <projections camera_id="154" path="p154.ply" count="635"/>
  <projections camera_id="155" path="p155.ply" count="981"/>
  <projections camera_id="156" path="p156.ply" count="1023"/>
  <projections camera_id="157" path="p157.ply" count="1144"/>
  <projections camera_id="158" path="p158.ply" count="808"/>
  <projections camera_id="159" path="p159.ply" count="885"/>
  <projections camera_id="160" path="p160.ply" count="816"/>
  <projections camera_id="161" path="p161.ply" count="769"/>
  <projections camera_id="162" path="p162.ply" count="591"/>
  <projections camera_id="163" path="p163.ply" count="913"/>
  <projections camera_id="164" path="p164.ply" count="1044"/>
  <projections camera_id="165" path="p165.ply" count="1090"/>
  <projections camera_id="166" path="p166.ply" count="864"/>
  <projections camera_id="167" path="p167.ply" count="992"/>
  <projections camera_id="168" path="p168.ply" count="1043"/>
  <projections camera_id="169" path="p169.ply" count="1052"/>
  <projections camera_id="170" path="p170.ply" count="884"/>
  <projections camera_id="171" path="p171.ply" count="875"/>
  <projections camera_id="172" path="p172.ply" count="993"/>
  <projections camera_id="173" path="p173.ply" count="854"/>
  <projections camera_id="174" path="p174.ply" count="901"/>
  <projections camera_id="175" path="p175.ply" count="901"/>
  <projections camera_id="176" path="p176.ply" count="832"/>
  <projections camera_id="177" path="p177.ply" count="885"/>
  <projections camera_id="178" path="p178.ply" count="742"/>
  <keypoints>
    <block path="points0.zip"/>
    <block path="points1.zip"/>
  </keypoints>
  <meta>
    <property name="Info/LastSavedDateTime" value="2023:03:02 14:55:06"/>
    <property name="Info/LastSavedSoftwareVersion" value="2.0.0.15597"/>
    <property name="Info/OriginalDateTime" value="2023:03:02 14:50:43"/>
    <property name="Info/OriginalSoftwareVersion" value="2.0.0.15597"/>
    <property name="MatchPhotos/cameras" value=""/>
    <property name="MatchPhotos/descriptor_type" value="binary"/>
    <property name="MatchPhotos/descriptor_version" value="1.1.0"/>
    <property name="MatchPhotos/downscale" value="4"/>
    <property name="MatchPhotos/duration" value="20.91601"/>
    <property name="MatchPhotos/filter_stationary_points" value="true"/>
    <property name="MatchPhotos/generic_preselection" value="true"/>
    <property name="MatchPhotos/guided_matching" value="false"/>
    <property name="MatchPhotos/keep_keypoints" value="true"/>
    <property name="MatchPhotos/keypoint_limit" value="40000"/>
    <property name="MatchPhotos/keypoint_limit_per_mpx" value="1000"/>
    <property name="MatchPhotos/max_workgroup_size" value="100"/>
    <property name="MatchPhotos/ram_used" value="263962624"/>
    <property name="MatchPhotos/reference_preselection" value="false"/>
    <property name="MatchPhotos/reference_preselection_mode" value="1"/>
    <property name="MatchPhotos/reset_matches" value="false"/>
    <property name="MatchPhotos/subdivide_task" value="true"/>
    <property name="MatchPhotos/tiepoint_limit" value="4000"/>
    <property name="MatchPhotos/workitem_size_cameras" value="20"/>
    <property name="MatchPhotos/workitem_size_pairs" value="80"/>
  </meta>
</point_cloud>
