<?xml version="1.0" encoding="UTF-8"?>
<depth_maps version="1.2.0">
  <blocks>
    <block path="data0.zip"/>
    <block path="data1.zip"/>
  </blocks>
  <meta>
    <property name="BuildDepthMaps/cameras" value=""/>
    <property name="BuildDepthMaps/downscale" value="1"/>
    <property name="BuildDepthMaps/duration" value="11.221"/>
    <property name="BuildDepthMaps/filter_mode" value="2"/>
    <property name="BuildDepthMaps/max_neighbors" value="-1"/>
    <property name="BuildDepthMaps/max_workgroup_size" value="100"/>
    <property name="BuildDepthMaps/ram_used" value="229531648"/>
    <property name="BuildDepthMaps/reuse_depth" value="false"/>
    <property name="BuildDepthMaps/subdivide_task" value="true"/>
    <property name="BuildDepthMaps/workitem_size_cameras" value="20"/>
    <property name="Info/LastSavedDateTime" value="2023:04:25 16:01:43"/>
    <property name="Info/LastSavedSoftwareVersion" value="1.6.5.11249"/>
    <property name="Info/OriginalDateTime" value="2023:04:25 15:59:47"/>
    <property name="Info/OriginalSoftwareVersion" value="1.6.5.11249"/>
  </meta>
</depth_maps>
