<?xml version="1.0" encoding="UTF-8"?>
<model version="1.2.0">
  <mesh path="mesh.ply">
    <faceCount>10000</faceCount>
    <vertexCount>5234</vertexCount>
    <hasVertexColors>true</hasVertexColors>
    <hasVertexConfidence>false</hasVertexConfidence>
    <hasUV>false</hasUV>
  </mesh>
  <params>
    <dataType>uint8</dataType>
    <bands>
      <band label="Red"/>
      <band label="Green"/>
      <band label="Blue"/>
    </bands>
    <color>#ff8080b0</color>
  </params>
  <meta>
    <property name="BuildModel/cameras" value=""/>
    <property name="BuildModel/classes" value=""/>
    <property name="BuildModel/duration" value="2.57905"/>
    <property name="BuildModel/face_count" value="1"/>
    <property name="BuildModel/face_count_custom" value="200000"/>
    <property name="BuildModel/interpolation" value="1"/>
    <property name="BuildModel/keep_depth" value="true"/>
    <property name="BuildModel/max_workgroup_size" value="100"/>
    <property name="BuildModel/ram_used" value="8241152"/>
    <property name="BuildModel/resolution" value="0.174253545391063"/>
    <property name="BuildModel/source_data" value="0"/>
    <property name="BuildModel/subdivide_task" value="true"/>
    <property name="BuildModel/surface_type" value="0"/>
    <property name="BuildModel/trimming_radius" value="10"/>
    <property name="BuildModel/vertex_colors" value="true"/>
    <property name="BuildModel/vertex_confidence" value="true"/>
    <property name="BuildModel/volumetric_masks" value="false"/>
    <property name="BuildModel/workitem_size_cameras" value="20"/>
    <property name="Info/LastSavedDateTime" value="2023:03:02 14:59:05"/>
    <property name="Info/LastSavedSoftwareVersion" value="2.0.0.15597"/>
    <property name="Info/OriginalDateTime" value="2023:03:02 14:55:47"/>
    <property name="Info/OriginalSoftwareVersion" value="2.0.0.15597"/>
  </meta>
</model>
