<?xml version="1.0" encoding="UTF-8"?>
<frame version="1.2.0">
  <cameras>
    <camera camera_id="0">
      <photo path="../../../../../../../../Downloads/drive-download-20230216T162656Z-001/IMG_8416.jpeg">
        <meta>
          <property name="Exif/Orientation" value="6"/>
          <property name="File/ImageHeight" value="3024"/>
          <property name="File/ImageWidth" value="4032"/>
          <property name="System/FileModifyDate" value="2023:02:16 11:27:34"/>
          <property name="System/FileSize" value="5345413"/>
        </meta>
      </photo>
    </camera>
    <camera camera_id="1">
      <photo path="../../../../../../../../Downloads/drive-download-20230216T162656Z-001/IMG_8417.jpeg">
        <meta>
          <property name="Exif/Orientation" value="6"/>
          <property name="File/ImageHeight" value="3024"/>
          <property name="File/ImageWidth" value="4032"/>
          <property name="System/FileModifyDate" value="2023:02:16 11:27:34"/>
          <property name="System/FileSize" value="5047316"/>
        </meta>
      </photo>
    </camera>
    <camera camera_id="2">
      <photo path="../../../../../../../../Downloads/drive-download-20230216T162656Z-001/IMG_8420.jpeg">
        <meta>
          <property name="Exif/Orientation" value="6"/>
          <property name="File/ImageHeight" value="3024"/>
          <property name="File/ImageWidth" value="4032"/>
          <property name="System/FileModifyDate" value="2023:02:16 11:27:34"/>
          <property name="System/FileSize" value="5084461"/>
        </meta>
      </photo>
    </camera>
    <camera camera_id="3">
      <photo path="../../../../../../../../Downloads/drive-download-20230216T162656Z-001/IMG_8422.jpeg">
        <meta>
          <property name="Exif/Orientation" value="6"/>
          <property name="File/ImageHeight" value="3024"/>
          <property name="File/ImageWidth" value="4032"/>
          <property name="System/FileModifyDate" value="2023:02:16 11:27:34"/>
          <property name="System/FileSize" value="5232332"/>
        </meta>
      </photo>
    </camera>
    <camera camera_id="4">
      <photo path="../../../../../../../../Downloads/drive-download-20230216T162656Z-001/IMG_8431.jpeg">
        <meta>
          <property name="Exif/Orientation" value="6"/>
          <property name="File/ImageHeight" value="3024"/>
          <property name="File/ImageWidth" value="4032"/>
          <property name="System/FileModifyDate" value="2023:02:16 11:27:34"/>
          <property name="System/FileSize" value="4049877"/>
        </meta>
      </photo>
    </camera>
    <camera camera_id="5">
      <photo path="../../../../../../../../Downloads/drive-download-20230216T162656Z-001/IMG_8432.jpeg">
        <meta>
          <property name="Exif/Orientation" value="6"/>
          <property name="File/ImageHeight" value="3024"/>
          <property name="File/ImageWidth" value="4032"/>
          <property name="System/FileModifyDate" value="2023:02:16 11:27:34"/>
          <property name="System/FileSize" value="3977687"/>
        </meta>
      </photo>
    </camera>
    <camera camera_id="6">
      <photo path="../../../../../../../../Downloads/drive-download-20230216T162656Z-001/IMG_8433.jpeg">
        <meta>
          <property name="Exif/Orientation" value="6"/>
          <property name="File/ImageHeight" value="3024"/>
          <property name="File/ImageWidth" value="4032"/>
          <property name="System/FileModifyDate" value="2023:02:16 11:27:34"/>
          <property name="System/FileSize" value="5525795"/>
        </meta>
      </photo>
    </camera>
    <camera camera_id="7">
      <photo path="../../../../../../../../Downloads/drive-download-20230216T162656Z-001/IMG_8434.jpeg">
        <meta>
          <property name="Exif/Orientation" value="6"/>
          <property name="File/ImageHeight" value="3024"/>
          <property name="File/ImageWidth" value="4032"/>
          <property name="System/FileModifyDate" value="2023:02:16 11:27:34"/>
          <property name="System/FileSize" value="5409829"/>
        </meta>
      </photo>
    </camera>
    <camera camera_id="8">
      <photo path="../../../../../../../../Downloads/drive-download-20230216T162656Z-001/IMG_8435.jpeg">
        <meta>
          <property name="Exif/Orientation" value="6"/>
          <property name="File/ImageHeight" value="3024"/>
          <property name="File/ImageWidth" value="4032"/>
          <property name="System/FileModifyDate" value="2023:02:16 11:27:34"/>
          <property name="System/FileSize" value="4970210"/>
        </meta>
      </photo>
    </camera>
    <camera camera_id="9">
      <photo path="../../../../../../../../Downloads/drive-download-20230216T162656Z-001/IMG_8436.jpeg">
        <meta>
          <property name="Exif/Orientation" value="6"/>
          <property name="File/ImageHeight" value="3024"/>
          <property name="File/ImageWidth" value="4032"/>
          <property name="System/FileModifyDate" value="2023:02:16 11:27:34"/>
          <property name="System/FileSize" value="2854139"/>
        </meta>
      </photo>
    </camera>
    <camera camera_id="10">
      <photo path="../../../../../../../../Downloads/drive-download-20230216T162656Z-001/IMG_8437.jpeg">
        <meta>
          <property name="Exif/Orientation" value="6"/>
          <property name="File/ImageHeight" value="3024"/>
          <property name="File/ImageWidth" value="4032"/>
          <property name="System/FileModifyDate" value="2023:02:16 11:27:34"/>
          <property name="System/FileSize" value="3249940"/>
        </meta>
      </photo>
    </camera>
    <camera camera_id="11">
      <photo path="../../../../../../../../Downloads/drive-download-20230216T162656Z-001/IMG_8438.jpeg">
        <meta>
          <property name="Exif/Orientation" value="6"/>
          <property name="File/ImageHeight" value="3024"/>
          <property name="File/ImageWidth" value="4032"/>
          <property name="System/FileModifyDate" value="2023:02:16 11:27:34"/>
          <property name="System/FileSize" value="3667599"/>
        </meta>
      </photo>
    </camera>
    <camera camera_id="12">
      <photo path="../../../../../../../../Downloads/drive-download-20230216T162656Z-001/IMG_8439.jpeg">
        <meta>
          <property name="Exif/Orientation" value="6"/>
          <property name="File/ImageHeight" value="3024"/>
          <property name="File/ImageWidth" value="4032"/>
          <property name="System/FileModifyDate" value="2023:02:16 11:27:34"/>
          <property name="System/FileSize" value="4149266"/>
        </meta>
      </photo>
    </camera>
    <camera camera_id="13">
      <photo path="../../../../../../../../Downloads/drive-download-20230216T162656Z-001/IMG_8440.jpeg">
        <meta>
          <property name="Exif/Orientation" value="6"/>
          <property name="File/ImageHeight" value="3024"/>
          <property name="File/ImageWidth" value="4032"/>
          <property name="System/FileModifyDate" value="2023:02:16 11:27:34"/>
          <property name="System/FileSize" value="4819415"/>
        </meta>
      </photo>
    </camera>
    <camera camera_id="14">
      <photo path="../../../../../../../../Downloads/drive-download-20230216T162656Z-001/IMG_8441.jpeg">
        <meta>
          <property name="Exif/Orientation" value="6"/>
          <property name="File/ImageHeight" value="3024"/>
          <property name="File/ImageWidth" value="4032"/>
          <property name="System/FileModifyDate" value="2023:02:16 11:27:34"/>
          <property name="System/FileSize" value="6043768"/>
        </meta>
      </photo>
    </camera>
    <camera camera_id="15">
      <photo path="../../../../../../../../Downloads/drive-download-20230216T162656Z-001/IMG_8442.jpeg">
        <meta>
          <property name="Exif/Orientation" value="6"/>
          <property name="File/ImageHeight" value="3024"/>
          <property name="File/ImageWidth" value="4032"/>
          <property name="System/FileModifyDate" value="2023:02:16 11:27:35"/>
          <property name="System/FileSize" value="6443964"/>
        </meta>
      </photo>
    </camera>
    <camera camera_id="16">
      <photo path="../../../../../../../../Downloads/drive-download-20230216T162656Z-001/IMG_8443.jpeg">
        <meta>
          <property name="Exif/Orientation" value="6"/>
          <property name="File/ImageHeight" value="3024"/>
          <property name="File/ImageWidth" value="4032"/>
          <property name="System/FileModifyDate" value="2023:02:16 11:27:35"/>
          <property name="System/FileSize" value="5675150"/>
        </meta>
      </photo>
    </camera>
    <camera camera_id="17">
      <photo path="../../../../../../../../Downloads/drive-download-20230216T162656Z-001/IMG_8444.jpeg">
        <meta>
          <property name="Exif/Orientation" value="6"/>
          <property name="File/ImageHeight" value="3024"/>
          <property name="File/ImageWidth" value="4032"/>
          <property name="System/FileModifyDate" value="2023:02:16 11:27:35"/>
          <property name="System/FileSize" value="3514324"/>
        </meta>
      </photo>
    </camera>
    <camera camera_id="18">
      <photo path="../../../../../../../../Downloads/drive-download-20230216T162656Z-001/IMG_8445.jpeg">
        <meta>
          <property name="Exif/Orientation" value="6"/>
          <property name="File/ImageHeight" value="3024"/>
          <property name="File/ImageWidth" value="4032"/>
          <property name="System/FileModifyDate" value="2023:02:16 11:27:35"/>
          <property name="System/FileSize" value="4732383"/>
        </meta>
      </photo>
    </camera>
    <camera camera_id="19">
      <photo path="../../../../../../../../Downloads/drive-download-20230216T162656Z-001/IMG_8446.jpeg">
        <meta>
          <property name="Exif/Orientation" value="6"/>
          <property name="File/ImageHeight" value="3024"/>
          <property name="File/ImageWidth" value="4032"/>
          <property name="System/FileModifyDate" value="2023:02:16 11:27:35"/>
          <property name="System/FileSize" value="3910133"/>
        </meta>
      </photo>
    </camera>
    <camera camera_id="20">
      <photo path="../../../../../../../../Downloads/drive-download-20230216T162656Z-001/IMG_8447.jpeg">
        <meta>
          <property name="Exif/Orientation" value="6"/>
          <property name="File/ImageHeight" value="3024"/>
          <property name="File/ImageWidth" value="4032"/>
          <property name="System/FileModifyDate" value="2023:02:16 11:27:35"/>
          <property name="System/FileSize" value="3726409"/>
        </meta>
      </photo>
    </camera>
    <camera camera_id="21">
      <photo path="../../../../../../../../Downloads/drive-download-20230216T162656Z-001/IMG_8448.jpeg">
        <meta>
          <property name="Exif/Orientation" value="6"/>
          <property name="File/ImageHeight" value="3024"/>
          <property name="File/ImageWidth" value="4032"/>
          <property name="System/FileModifyDate" value="2023:02:16 11:27:35"/>
          <property name="System/FileSize" value="4527244"/>
        </meta>
      </photo>
    </camera>
    <camera camera_id="22">
      <photo path="../../../../../../../../Downloads/drive-download-20230216T162656Z-001/IMG_8449.jpeg">
        <meta>
          <property name="Exif/Orientation" value="6"/>
          <property name="File/ImageHeight" value="3024"/>
          <property name="File/ImageWidth" value="4032"/>
          <property name="System/FileModifyDate" value="2023:02:16 11:27:35"/>
          <property name="System/FileSize" value="3137153"/>
        </meta>
      </photo>
    </camera>
    <camera camera_id="23">
      <photo path="../../../../../../../../Downloads/drive-download-20230216T162656Z-001/IMG_8450.jpeg">
        <meta>
          <property name="Exif/Orientation" value="6"/>
          <property name="File/ImageHeight" value="3024"/>
          <property name="File/ImageWidth" value="4032"/>
          <property name="System/FileModifyDate" value="2023:02:16 11:27:35"/>
          <property name="System/FileSize" value="3817062"/>
        </meta>
      </photo>
    </camera>
    <camera camera_id="24">
      <photo path="../../../../../../../../Downloads/drive-download-20230216T162656Z-001/IMG_8451.jpeg">
        <meta>
          <property name="Exif/Orientation" value="6"/>
          <property name="File/ImageHeight" value="3024"/>
          <property name="File/ImageWidth" value="4032"/>
          <property name="System/FileModifyDate" value="2023:02:16 11:27:35"/>
          <property name="System/FileSize" value="4397903"/>
        </meta>
      </photo>
    </camera>
    <camera camera_id="25">
      <photo path="../../../../../../../../Downloads/drive-download-20230216T162656Z-001/IMG_8454.jpeg">
        <meta>
          <property name="Exif/Orientation" value="6"/>
          <property name="File/ImageHeight" value="3024"/>
          <property name="File/ImageWidth" value="4032"/>
          <property name="System/FileModifyDate" value="2023:02:16 11:27:35"/>
          <property name="System/FileSize" value="3508465"/>
        </meta>
      </photo>
    </camera>
    <camera camera_id="26">
      <photo path="../../../../../../../../Downloads/drive-download-20230216T162656Z-001/IMG_8455.jpeg">
        <meta>
          <property name="Exif/Orientation" value="6"/>
          <property name="File/ImageHeight" value="3024"/>
          <property name="File/ImageWidth" value="4032"/>
          <property name="System/FileModifyDate" value="2023:02:16 11:27:35"/>
          <property name="System/FileSize" value="2676460"/>
        </meta>
      </photo>
    </camera>
    <camera camera_id="27">
      <photo path="../../../../../../../../Downloads/drive-download-20230216T162656Z-001/IMG_8456.jpeg">
        <meta>
          <property name="Exif/Orientation" value="6"/>
          <property name="File/ImageHeight" value="3024"/>
          <property name="File/ImageWidth" value="4032"/>
          <property name="System/FileModifyDate" value="2023:02:16 11:27:35"/>
          <property name="System/FileSize" value="3154807"/>
        </meta>
      </photo>
    </camera>
    <camera camera_id="28">
      <photo path="../../../../../../../../Downloads/drive-download-20230216T162656Z-001/IMG_8457.jpeg">
        <meta>
          <property name="Exif/Orientation" value="6"/>
          <property name="File/ImageHeight" value="3024"/>
          <property name="File/ImageWidth" value="4032"/>
          <property name="System/FileModifyDate" value="2023:02:16 11:27:35"/>
          <property name="System/FileSize" value="3047776"/>
        </meta>
      </photo>
    </camera>
    <camera camera_id="29">
      <photo path="../../../../../../../../Downloads/drive-download-20230216T162656Z-001/IMG_8460.jpeg">
        <meta>
          <property name="Exif/Orientation" value="6"/>
          <property name="File/ImageHeight" value="3024"/>
          <property name="File/ImageWidth" value="4032"/>
          <property name="System/FileModifyDate" value="2023:02:16 11:27:35"/>
          <property name="System/FileSize" value="3630201"/>
        </meta>
      </photo>
    </camera>
    <camera camera_id="30">
      <photo path="../../../../../../../../Downloads/drive-download-20230216T162656Z-001/IMG_8461.jpeg">
        <meta>
          <property name="Exif/Orientation" value="6"/>
          <property name="File/ImageHeight" value="3024"/>
          <property name="File/ImageWidth" value="4032"/>
          <property name="System/FileModifyDate" value="2023:02:16 11:27:35"/>
          <property name="System/FileSize" value="3316379"/>
        </meta>
      </photo>
    </camera>
    <camera camera_id="31">
      <photo path="../../../../../../../../Downloads/drive-download-20230216T162656Z-001/IMG_8462.jpeg">
        <meta>
          <property name="Exif/Orientation" value="6"/>
          <property name="File/ImageHeight" value="3024"/>
          <property name="File/ImageWidth" value="4032"/>
          <property name="System/FileModifyDate" value="2023:02:16 11:27:36"/>
          <property name="System/FileSize" value="3521132"/>
        </meta>
      </photo>
    </camera>
    <camera camera_id="32">
      <photo path="../../../../../../../../Downloads/drive-download-20230216T162656Z-001/IMG_8463.jpeg">
        <meta>
          <property name="Exif/Orientation" value="6"/>
          <property name="File/ImageHeight" value="3024"/>
          <property name="File/ImageWidth" value="4032"/>
          <property name="System/FileModifyDate" value="2023:02:16 11:27:36"/>
          <property name="System/FileSize" value="3883679"/>
        </meta>
      </photo>
    </camera>
    <camera camera_id="33">
      <photo path="../../../../../../../../Downloads/drive-download-20230216T162656Z-001/IMG_8464.jpeg">
        <meta>
          <property name="Exif/Orientation" value="6"/>
          <property name="File/ImageHeight" value="3024"/>
          <property name="File/ImageWidth" value="4032"/>
          <property name="System/FileModifyDate" value="2023:02:16 11:27:36"/>
          <property name="System/FileSize" value="3864031"/>
        </meta>
      </photo>
    </camera>
    <camera camera_id="34">
      <photo path="../../../../../../../../Downloads/drive-download-20230216T162656Z-001/IMG_8465.jpeg">
        <meta>
          <property name="Exif/Orientation" value="6"/>
          <property name="File/ImageHeight" value="3024"/>
          <property name="File/ImageWidth" value="4032"/>
          <property name="System/FileModifyDate" value="2023:02:16 11:27:36"/>
          <property name="System/FileSize" value="5731577"/>
        </meta>
      </photo>
    </camera>
    <camera camera_id="35">
      <photo path="../../../../../../../../Downloads/drive-download-20230216T162656Z-001/IMG_8466.jpeg">
        <meta>
          <property name="Exif/Orientation" value="6"/>
          <property name="File/ImageHeight" value="3024"/>
          <property name="File/ImageWidth" value="4032"/>
          <property name="System/FileModifyDate" value="2023:02:16 11:27:36"/>
          <property name="System/FileSize" value="5510279"/>
        </meta>
      </photo>
    </camera>
    <camera camera_id="36">
      <photo path="../../../../../../../../Downloads/drive-download-20230216T162656Z-001/IMG_8467.jpeg">
        <meta>
          <property name="Exif/Orientation" value="6"/>
          <property name="File/ImageHeight" value="3024"/>
          <property name="File/ImageWidth" value="4032"/>
          <property name="System/FileModifyDate" value="2023:02:16 11:27:36"/>
          <property name="System/FileSize" value="3734967"/>
        </meta>
      </photo>
    </camera>
    <camera camera_id="37">
      <photo path="../../../../../../../../Downloads/drive-download-20230216T162656Z-001/IMG_8468.jpeg">
        <meta>
          <property name="Exif/Orientation" value="6"/>
          <property name="File/ImageHeight" value="3024"/>
          <property name="File/ImageWidth" value="4032"/>
          <property name="System/FileModifyDate" value="2023:02:16 11:27:36"/>
          <property name="System/FileSize" value="3328843"/>
        </meta>
      </photo>
    </camera>
    <camera camera_id="38">
      <photo path="../../../../../../../../Downloads/drive-download-20230216T162656Z-001/IMG_8469.jpeg">
        <meta>
          <property name="Exif/Orientation" value="6"/>
          <property name="File/ImageHeight" value="3024"/>
          <property name="File/ImageWidth" value="4032"/>
          <property name="System/FileModifyDate" value="2023:02:16 11:27:36"/>
          <property name="System/FileSize" value="4207393"/>
        </meta>
      </photo>
    </camera>
    <camera camera_id="39">
      <photo path="../../../../../../../../Downloads/drive-download-20230216T162656Z-001/IMG_8470.jpeg">
        <meta>
          <property name="Exif/Orientation" value="6"/>
          <property name="File/ImageHeight" value="3024"/>
          <property name="File/ImageWidth" value="4032"/>
          <property name="System/FileModifyDate" value="2023:02:16 11:27:36"/>
          <property name="System/FileSize" value="5202577"/>
        </meta>
      </photo>
    </camera>
    <camera camera_id="40">
      <photo path="../../../../../../../../Downloads/drive-download-20230216T162656Z-001/IMG_8471.jpeg">
        <meta>
          <property name="Exif/Orientation" value="6"/>
          <property name="File/ImageHeight" value="3024"/>
          <property name="File/ImageWidth" value="4032"/>
          <property name="System/FileModifyDate" value="2023:02:16 11:27:36"/>
          <property name="System/FileSize" value="5204011"/>
        </meta>
      </photo>
    </camera>
    <camera camera_id="41">
      <photo path="../../../../../../../../Downloads/drive-download-20230216T162656Z-001/IMG_8472.jpeg">
        <meta>
          <property name="Exif/Orientation" value="6"/>
          <property name="File/ImageHeight" value="3024"/>
          <property name="File/ImageWidth" value="4032"/>
          <property name="System/FileModifyDate" value="2023:02:16 11:27:36"/>
          <property name="System/FileSize" value="4369212"/>
        </meta>
      </photo>
    </camera>
    <camera camera_id="42">
      <photo path="../../../../../../../../Downloads/drive-download-20230216T162656Z-001/IMG_8473.jpeg">
        <meta>
          <property name="Exif/Orientation" value="6"/>
          <property name="File/ImageHeight" value="3024"/>
          <property name="File/ImageWidth" value="4032"/>
          <property name="System/FileModifyDate" value="2023:02:16 11:27:36"/>
          <property name="System/FileSize" value="4250171"/>
        </meta>
      </photo>
    </camera>
    <camera camera_id="43">
      <photo path="../../../../../../../../Downloads/drive-download-20230216T162656Z-001/IMG_8474.jpeg">
        <meta>
          <property name="Exif/Orientation" value="6"/>
          <property name="File/ImageHeight" value="3024"/>
          <property name="File/ImageWidth" value="4032"/>
          <property name="System/FileModifyDate" value="2023:02:16 11:27:36"/>
          <property name="System/FileSize" value="4304946"/>
        </meta>
      </photo>
    </camera>
    <camera camera_id="44">
      <photo path="../../../../../../../../Downloads/drive-download-20230216T162656Z-001/IMG_8475.jpeg">
        <meta>
          <property name="Exif/Orientation" value="6"/>
          <property name="File/ImageHeight" value="3024"/>
          <property name="File/ImageWidth" value="4032"/>
          <property name="System/FileModifyDate" value="2023:02:16 11:27:36"/>
          <property name="System/FileSize" value="4087856"/>
        </meta>
      </photo>
    </camera>
    <camera camera_id="45">
      <photo path="../../../../../../../../Downloads/drive-download-20230216T162656Z-001/IMG_8476.jpeg">
        <meta>
          <property name="Exif/Orientation" value="6"/>
          <property name="File/ImageHeight" value="3024"/>
          <property name="File/ImageWidth" value="4032"/>
          <property name="System/FileModifyDate" value="2023:02:16 11:27:36"/>
          <property name="System/FileSize" value="4092820"/>
        </meta>
      </photo>
    </camera>
    <camera camera_id="46">
      <photo path="../../../../../../../../Downloads/drive-download-20230216T162656Z-001/IMG_8477.jpeg">
        <meta>
          <property name="Exif/Orientation" value="6"/>
          <property name="File/ImageHeight" value="3024"/>
          <property name="File/ImageWidth" value="4032"/>
          <property name="System/FileModifyDate" value="2023:02:16 11:27:37"/>
          <property name="System/FileSize" value="5566837"/>
        </meta>
      </photo>
    </camera>
    <camera camera_id="47">
      <photo path="../../../../../../../../Downloads/drive-download-20230216T162656Z-001/IMG_8478.jpeg">
        <meta>
          <property name="Exif/Orientation" value="6"/>
          <property name="File/ImageHeight" value="3024"/>
          <property name="File/ImageWidth" value="4032"/>
          <property name="System/FileModifyDate" value="2023:02:16 11:27:37"/>
          <property name="System/FileSize" value="5796217"/>
        </meta>
      </photo>
    </camera>
    <camera camera_id="48">
      <photo path="../../../../../../../../Downloads/drive-download-20230216T162656Z-001/IMG_8479.jpeg">
        <meta>
          <property name="Exif/Orientation" value="6"/>
          <property name="File/ImageHeight" value="3024"/>
          <property name="File/ImageWidth" value="4032"/>
          <property name="System/FileModifyDate" value="2023:02:16 11:27:37"/>
          <property name="System/FileSize" value="5466548"/>
        </meta>
      </photo>
    </camera>
    <camera camera_id="49">
      <photo path="../../../../../../../../Downloads/drive-download-20230216T162656Z-001/IMG_8480.jpeg">
        <meta>
          <property name="Exif/Orientation" value="6"/>
          <property name="File/ImageHeight" value="3024"/>
          <property name="File/ImageWidth" value="4032"/>
          <property name="System/FileModifyDate" value="2023:02:16 11:27:37"/>
          <property name="System/FileSize" value="3787465"/>
        </meta>
      </photo>
    </camera>
    <camera camera_id="50">
      <photo path="../../../../../../../../Downloads/drive-download-20230216T162656Z-001/IMG_8481.jpeg">
        <meta>
          <property name="Exif/Orientation" value="6"/>
          <property name="File/ImageHeight" value="3024"/>
          <property name="File/ImageWidth" value="4032"/>
          <property name="System/FileModifyDate" value="2023:02:16 11:27:37"/>
          <property name="System/FileSize" value="4502626"/>
        </meta>
      </photo>
    </camera>
    <camera camera_id="51">
      <photo path="../../../../../../../../Downloads/drive-download-20230216T162656Z-001/IMG_8482.jpeg">
        <meta>
          <property name="Exif/Orientation" value="6"/>
          <property name="File/ImageHeight" value="3024"/>
          <property name="File/ImageWidth" value="4032"/>
          <property name="System/FileModifyDate" value="2023:02:16 11:27:37"/>
          <property name="System/FileSize" value="3729142"/>
        </meta>
      </photo>
    </camera>
    <camera camera_id="52">
      <photo path="../../../../../../../../Downloads/drive-download-20230216T162656Z-001/IMG_8483.jpeg">
        <meta>
          <property name="Exif/Orientation" value="6"/>
          <property name="File/ImageHeight" value="3024"/>
          <property name="File/ImageWidth" value="4032"/>
          <property name="System/FileModifyDate" value="2023:02:16 11:27:37"/>
          <property name="System/FileSize" value="4324498"/>
        </meta>
      </photo>
    </camera>
    <camera camera_id="53">
      <photo path="../../../../../../../../Downloads/drive-download-20230216T162656Z-001/IMG_8484.jpeg">
        <meta>
          <property name="Exif/Orientation" value="6"/>
          <property name="File/ImageHeight" value="3024"/>
          <property name="File/ImageWidth" value="4032"/>
          <property name="System/FileModifyDate" value="2023:02:16 11:27:37"/>
          <property name="System/FileSize" value="6817038"/>
        </meta>
      </photo>
    </camera>
    <camera camera_id="54">
      <photo path="../../../../../../../../Downloads/drive-download-20230216T162656Z-001/IMG_8485.jpeg">
        <meta>
          <property name="Exif/Orientation" value="6"/>
          <property name="File/ImageHeight" value="3024"/>
          <property name="File/ImageWidth" value="4032"/>
          <property name="System/FileModifyDate" value="2023:02:16 11:27:37"/>
          <property name="System/FileSize" value="5410158"/>
        </meta>
      </photo>
    </camera>
    <camera camera_id="55">
      <photo path="../../../../../../../../Downloads/drive-download-20230216T162656Z-001/IMG_8486.jpeg">
        <meta>
          <property name="Exif/Orientation" value="6"/>
          <property name="File/ImageHeight" value="3024"/>
          <property name="File/ImageWidth" value="4032"/>
          <property name="System/FileModifyDate" value="2023:02:16 11:27:37"/>
          <property name="System/FileSize" value="4510835"/>
        </meta>
      </photo>
    </camera>
    <camera camera_id="56">
      <photo path="../../../../../../../../Downloads/drive-download-20230216T162656Z-001/IMG_8487.jpeg">
        <meta>
          <property name="Exif/Orientation" value="6"/>
          <property name="File/ImageHeight" value="3024"/>
          <property name="File/ImageWidth" value="4032"/>
          <property name="System/FileModifyDate" value="2023:02:16 11:27:37"/>
          <property name="System/FileSize" value="5900385"/>
        </meta>
      </photo>
    </camera>
    <camera camera_id="57">
      <photo path="../../../../../../../../Downloads/drive-download-20230216T162656Z-001/IMG_8488.jpeg">
        <meta>
          <property name="Exif/Orientation" value="6"/>
          <property name="File/ImageHeight" value="3024"/>
          <property name="File/ImageWidth" value="4032"/>
          <property name="System/FileModifyDate" value="2023:02:16 11:27:37"/>
          <property name="System/FileSize" value="5528627"/>
        </meta>
      </photo>
    </camera>
    <camera camera_id="58">
      <photo path="../../../../../../../../Downloads/drive-download-20230216T162656Z-001/IMG_8489.jpeg">
        <meta>
          <property name="Exif/Orientation" value="6"/>
          <property name="File/ImageHeight" value="3024"/>
          <property name="File/ImageWidth" value="4032"/>
          <property name="System/FileModifyDate" value="2023:02:16 11:27:37"/>
          <property name="System/FileSize" value="4522935"/>
        </meta>
      </photo>
    </camera>
    <camera camera_id="59">
      <photo path="../../../../../../../../Downloads/drive-download-20230216T162656Z-001/IMG_8490.jpeg">
        <meta>
          <property name="Exif/Orientation" value="6"/>
          <property name="File/ImageHeight" value="3024"/>
          <property name="File/ImageWidth" value="4032"/>
          <property name="System/FileModifyDate" value="2023:02:16 11:27:38"/>
          <property name="System/FileSize" value="4901462"/>
        </meta>
      </photo>
    </camera>
    <camera camera_id="60">
      <photo path="../../../../../../../../Downloads/drive-download-20230216T162656Z-001/IMG_8491.jpeg">
        <meta>
          <property name="Exif/Orientation" value="6"/>
          <property name="File/ImageHeight" value="3024"/>
          <property name="File/ImageWidth" value="4032"/>
          <property name="System/FileModifyDate" value="2023:02:16 11:27:38"/>
          <property name="System/FileSize" value="4628952"/>
        </meta>
      </photo>
    </camera>
    <camera camera_id="61">
      <photo path="../../../../../../../../Downloads/drive-download-20230216T162656Z-001/IMG_8492.jpeg">
        <meta>
          <property name="Exif/Orientation" value="6"/>
          <property name="File/ImageHeight" value="3024"/>
          <property name="File/ImageWidth" value="4032"/>
          <property name="System/FileModifyDate" value="2023:02:16 11:27:38"/>
          <property name="System/FileSize" value="6329398"/>
        </meta>
      </photo>
    </camera>
    <camera camera_id="62">
      <photo path="../../../../../../../../Downloads/drive-download-20230216T162656Z-001/IMG_8493.jpeg">
        <meta>
          <property name="Exif/Orientation" value="6"/>
          <property name="File/ImageHeight" value="3024"/>
          <property name="File/ImageWidth" value="4032"/>
          <property name="System/FileModifyDate" value="2023:02:16 11:27:38"/>
          <property name="System/FileSize" value="6660801"/>
        </meta>
      </photo>
    </camera>
    <camera camera_id="63">
      <photo path="../../../../../../../../Downloads/drive-download-20230216T162656Z-001/IMG_8494.jpeg">
        <meta>
          <property name="Exif/Orientation" value="6"/>
          <property name="File/ImageHeight" value="3024"/>
          <property name="File/ImageWidth" value="4032"/>
          <property name="System/FileModifyDate" value="2023:02:16 11:27:38"/>
          <property name="System/FileSize" value="5762518"/>
        </meta>
      </photo>
    </camera>
    <camera camera_id="64">
      <photo path="../../../../../../../../Downloads/drive-download-20230216T162656Z-001/IMG_8495.jpeg">
        <meta>
          <property name="Exif/Orientation" value="6"/>
          <property name="File/ImageHeight" value="3024"/>
          <property name="File/ImageWidth" value="4032"/>
          <property name="System/FileModifyDate" value="2023:02:16 11:27:38"/>
          <property name="System/FileSize" value="5989867"/>
        </meta>
      </photo>
    </camera>
    <camera camera_id="65">
      <photo path="../../../../../../../../Downloads/drive-download-20230216T162656Z-001/IMG_8496.jpeg">
        <meta>
          <property name="Exif/Orientation" value="6"/>
          <property name="File/ImageHeight" value="3024"/>
          <property name="File/ImageWidth" value="4032"/>
          <property name="System/FileModifyDate" value="2023:02:16 11:27:38"/>
          <property name="System/FileSize" value="4738289"/>
        </meta>
      </photo>
    </camera>
    <camera camera_id="66">
      <photo path="../../../../../../../../Downloads/drive-download-20230216T162656Z-001/IMG_8497.jpeg">
        <meta>
          <property name="Exif/Orientation" value="6"/>
          <property name="File/ImageHeight" value="3024"/>
          <property name="File/ImageWidth" value="4032"/>
          <property name="System/FileModifyDate" value="2023:02:16 11:27:38"/>
          <property name="System/FileSize" value="4372242"/>
        </meta>
      </photo>
    </camera>
    <camera camera_id="67">
      <photo path="../../../../../../../../Downloads/drive-download-20230216T162656Z-001/IMG_8498.jpeg">
        <meta>
          <property name="Exif/Orientation" value="6"/>
          <property name="File/ImageHeight" value="3024"/>
          <property name="File/ImageWidth" value="4032"/>
          <property name="System/FileModifyDate" value="2023:02:16 11:27:38"/>
          <property name="System/FileSize" value="4700641"/>
        </meta>
      </photo>
    </camera>
    <camera camera_id="68">
      <photo path="../../../../../../../../Downloads/drive-download-20230216T162656Z-001/IMG_8499.jpeg">
        <meta>
          <property name="Exif/Orientation" value="6"/>
          <property name="File/ImageHeight" value="3024"/>
          <property name="File/ImageWidth" value="4032"/>
          <property name="System/FileModifyDate" value="2023:02:16 11:27:38"/>
          <property name="System/FileSize" value="5516111"/>
        </meta>
      </photo>
    </camera>
    <camera camera_id="69">
      <photo path="../../../../../../../../Downloads/drive-download-20230216T162656Z-001/IMG_8500.jpeg">
        <meta>
          <property name="Exif/Orientation" value="6"/>
          <property name="File/ImageHeight" value="3024"/>
          <property name="File/ImageWidth" value="4032"/>
          <property name="System/FileModifyDate" value="2023:02:16 11:27:38"/>
          <property name="System/FileSize" value="6130833"/>
        </meta>
      </photo>
    </camera>
    <camera camera_id="70">
      <photo path="../../../../../../../../Downloads/drive-download-20230216T162656Z-001/IMG_8502.jpeg">
        <meta>
          <property name="Exif/Orientation" value="6"/>
          <property name="File/ImageHeight" value="3024"/>
          <property name="File/ImageWidth" value="4032"/>
          <property name="System/FileModifyDate" value="2023:02:16 11:27:38"/>
          <property name="System/FileSize" value="5638077"/>
        </meta>
      </photo>
    </camera>
    <camera camera_id="71">
      <photo path="../../../../../../../../Downloads/drive-download-20230216T162656Z-001/IMG_8505.jpeg">
        <meta>
          <property name="Exif/Orientation" value="6"/>
          <property name="File/ImageHeight" value="3024"/>
          <property name="File/ImageWidth" value="4032"/>
          <property name="System/FileModifyDate" value="2023:02:16 11:27:39"/>
          <property name="System/FileSize" value="5741163"/>
        </meta>
      </photo>
    </camera>
    <camera camera_id="72">
      <photo path="../../../../../../../../Downloads/drive-download-20230216T162656Z-001/IMG_8506.jpeg">
        <meta>
          <property name="Exif/Orientation" value="6"/>
          <property name="File/ImageHeight" value="3024"/>
          <property name="File/ImageWidth" value="4032"/>
          <property name="System/FileModifyDate" value="2023:02:16 11:27:39"/>
          <property name="System/FileSize" value="4285860"/>
        </meta>
      </photo>
    </camera>
    <camera camera_id="73">
      <photo path="../../../../../../../../Downloads/drive-download-20230216T162656Z-001/IMG_8507.jpeg">
        <meta>
          <property name="Exif/Orientation" value="6"/>
          <property name="File/ImageHeight" value="3024"/>
          <property name="File/ImageWidth" value="4032"/>
          <property name="System/FileModifyDate" value="2023:02:16 11:27:39"/>
          <property name="System/FileSize" value="5221666"/>
        </meta>
      </photo>
    </camera>
    <camera camera_id="74">
      <photo path="../../../../../../../../Downloads/drive-download-20230216T162656Z-001/IMG_8508.jpeg">
        <meta>
          <property name="Exif/Orientation" value="6"/>
          <property name="File/ImageHeight" value="3024"/>
          <property name="File/ImageWidth" value="4032"/>
          <property name="System/FileModifyDate" value="2023:02:16 11:27:39"/>
          <property name="System/FileSize" value="6429725"/>
        </meta>
      </photo>
    </camera>
    <camera camera_id="75">
      <photo path="../../../../../../../../Downloads/drive-download-20230216T162656Z-001/IMG_8509.jpeg">
        <meta>
          <property name="Exif/Orientation" value="6"/>
          <property name="File/ImageHeight" value="3024"/>
          <property name="File/ImageWidth" value="4032"/>
          <property name="System/FileModifyDate" value="2023:02:16 11:27:39"/>
          <property name="System/FileSize" value="6304641"/>
        </meta>
      </photo>
    </camera>
    <camera camera_id="76">
      <photo path="../../../../../../../../Downloads/drive-download-20230216T162656Z-001/IMG_8512.jpeg">
        <meta>
          <property name="Exif/Orientation" value="6"/>
          <property name="File/ImageHeight" value="3024"/>
          <property name="File/ImageWidth" value="4032"/>
          <property name="System/FileModifyDate" value="2023:02:16 11:27:39"/>
          <property name="System/FileSize" value="5595382"/>
        </meta>
      </photo>
    </camera>
    <camera camera_id="77">
      <photo path="../../../../../../../../Downloads/drive-download-20230216T162656Z-001/IMG_8513.jpeg">
        <meta>
          <property name="Exif/Orientation" value="6"/>
          <property name="File/ImageHeight" value="3024"/>
          <property name="File/ImageWidth" value="4032"/>
          <property name="System/FileModifyDate" value="2023:02:16 11:27:39"/>
          <property name="System/FileSize" value="6515000"/>
        </meta>
      </photo>
    </camera>
    <camera camera_id="78">
      <photo path="../../../../../../../../Downloads/drive-download-20230216T162656Z-001/IMG_8514.jpeg">
        <meta>
          <property name="Exif/Orientation" value="6"/>
          <property name="File/ImageHeight" value="3024"/>
          <property name="File/ImageWidth" value="4032"/>
          <property name="System/FileModifyDate" value="2023:02:16 11:27:39"/>
          <property name="System/FileSize" value="6177016"/>
        </meta>
      </photo>
    </camera>
    <camera camera_id="79">
      <photo path="../../../../../../../../Downloads/drive-download-20230216T162656Z-001/IMG_8515.jpeg">
        <meta>
          <property name="Exif/Orientation" value="6"/>
          <property name="File/ImageHeight" value="3024"/>
          <property name="File/ImageWidth" value="4032"/>
          <property name="System/FileModifyDate" value="2023:02:16 11:27:39"/>
          <property name="System/FileSize" value="5228305"/>
        </meta>
      </photo>
    </camera>
    <camera camera_id="80">
      <photo path="../../../../../../../../Downloads/drive-download-20230216T162656Z-001/IMG_8516.jpeg">
        <meta>
          <property name="Exif/Orientation" value="6"/>
          <property name="File/ImageHeight" value="3024"/>
          <property name="File/ImageWidth" value="4032"/>
          <property name="System/FileModifyDate" value="2023:02:16 11:27:39"/>
          <property name="System/FileSize" value="5441881"/>
        </meta>
      </photo>
    </camera>
    <camera camera_id="81">
      <photo path="../../../../../../../../Downloads/drive-download-20230216T162656Z-001/IMG_8517.jpeg">
        <meta>
          <property name="Exif/Orientation" value="6"/>
          <property name="File/ImageHeight" value="3024"/>
          <property name="File/ImageWidth" value="4032"/>
          <property name="System/FileModifyDate" value="2023:02:16 11:27:39"/>
          <property name="System/FileSize" value="5120975"/>
        </meta>
      </photo>
    </camera>
    <camera camera_id="82">
      <photo path="../../../../../../../../Downloads/drive-download-20230216T162656Z-001/IMG_8518.jpeg">
        <meta>
          <property name="Exif/Orientation" value="6"/>
          <property name="File/ImageHeight" value="3024"/>
          <property name="File/ImageWidth" value="4032"/>
          <property name="System/FileModifyDate" value="2023:02:16 11:27:39"/>
          <property name="System/FileSize" value="5268226"/>
        </meta>
      </photo>
    </camera>
    <camera camera_id="83">
      <photo path="../../../../../../../../Downloads/drive-download-20230216T162656Z-001/IMG_8519.jpeg">
        <meta>
          <property name="Exif/Orientation" value="6"/>
          <property name="File/ImageHeight" value="3024"/>
          <property name="File/ImageWidth" value="4032"/>
          <property name="System/FileModifyDate" value="2023:02:16 11:27:39"/>
          <property name="System/FileSize" value="4620455"/>
        </meta>
      </photo>
    </camera>
    <camera camera_id="84">
      <photo path="../../../../../../../../Downloads/drive-download-20230216T162656Z-001/IMG_8520.jpeg">
        <meta>
          <property name="Exif/Orientation" value="6"/>
          <property name="File/ImageHeight" value="3024"/>
          <property name="File/ImageWidth" value="4032"/>
          <property name="System/FileModifyDate" value="2023:02:16 11:27:40"/>
          <property name="System/FileSize" value="5168123"/>
        </meta>
      </photo>
    </camera>
    <camera camera_id="85">
      <photo path="../../../../../../../../Downloads/drive-download-20230216T162656Z-001/IMG_8522.jpeg">
        <meta>
          <property name="Exif/Orientation" value="6"/>
          <property name="File/ImageHeight" value="3024"/>
          <property name="File/ImageWidth" value="4032"/>
          <property name="System/FileModifyDate" value="2023:02:16 11:27:40"/>
          <property name="System/FileSize" value="5182456"/>
        </meta>
      </photo>
    </camera>
  </cameras>
  <thumbnails path="thumbnails/thumbnails.zip"/>
  <point_cloud path="point_cloud.1/point_cloud.zip"/>
  <depth_maps id="0" path="depth_maps/depth_maps.zip"/>
  <model id="0" path="model/model.zip"/>
</frame>
