<?xml version="1.0" encoding="UTF-8"?>
<depth_maps version="1.5.0">
  <depth_map camera_id="8" level="0" path="0/d8.exr">
    <calibration type="frame">
      <resolution width="480" height="640"/>
      <f>490.31097834159931</f>
      <cx>6.1053748187786709</cx>
      <cy>4.6958834009357702</cy>
    </calibration>
  </depth_map>
  <depth_map camera_id="8" level="1" path="1/d8.exr">
    <calibration type="frame">
      <resolution width="240" height="320"/>
      <f>245.15548917079965</f>
      <cx>3.0526874093893355</cx>
      <cy>2.3479417004678851</cy>
    </calibration>
  </depth_map>
  <depth_map camera_id="9" level="0" path="0/d9.exr">
    <calibration type="frame">
      <resolution width="480" height="640"/>
      <f>490.31097834159931</f>
      <cx>6.1053748187786709</cx>
      <cy>4.6958834009357702</cy>
    </calibration>
  </depth_map>
  <depth_map camera_id="9" level="1" path="1/d9.exr">
    <calibration type="frame">
      <resolution width="240" height="320"/>
      <f>245.15548917079965</f>
      <cx>3.0526874093893355</cx>
      <cy>2.3479417004678851</cy>
    </calibration>
  </depth_map>
  <depth_map camera_id="10" level="0" path="0/d10.exr">
    <calibration type="frame">
      <resolution width="480" height="640"/>
      <f>490.31097834159931</f>
      <cx>6.1053748187786709</cx>
      <cy>4.6958834009357702</cy>
    </calibration>
  </depth_map>
  <depth_map camera_id="10" level="1" path="1/d10.exr">
    <calibration type="frame">
      <resolution width="240" height="320"/>
      <f>245.15548917079965</f>
      <cx>3.0526874093893355</cx>
      <cy>2.3479417004678851</cy>
    </calibration>
  </depth_map>
  <depth_map camera_id="11" level="0" path="0/d11.exr">
    <calibration type="frame">
      <resolution width="480" height="640"/>
      <f>490.31097834159931</f>
      <cx>6.1053748187786709</cx>
      <cy>4.6958834009357702</cy>
    </calibration>
  </depth_map>
  <depth_map camera_id="11" level="1" path="1/d11.exr">
    <calibration type="frame">
      <resolution width="240" height="320"/>
      <f>245.15548917079965</f>
      <cx>3.0526874093893355</cx>
      <cy>2.3479417004678851</cy>
    </calibration>
  </depth_map>
  <depth_map camera_id="11" level="2" path="2/d11.exr">
    <calibration type="frame">
      <resolution width="120" height="160"/>
      <f>122.57774458539983</f>
      <cx>1.5263437046946677</cx>
      <cy>1.1739708502339425</cy>
    </calibration>
  </depth_map>
  <depth_map camera_id="12" level="0" path="0/d12.exr">
    <calibration type="frame">
      <resolution width="480" height="640"/>
      <f>490.31097834159931</f>
      <cx>6.1053748187786709</cx>
      <cy>4.6958834009357702</cy>
    </calibration>
  </depth_map>
  <depth_map camera_id="12" level="1" path="1/d12.exr">
    <calibration type="frame">
      <resolution width="240" height="320"/>
      <f>245.15548917079965</f>
      <cx>3.0526874093893355</cx>
      <cy>2.3479417004678851</cy>
    </calibration>
  </depth_map>
  <depth_map camera_id="13" level="0" path="0/d13.exr">
    <calibration type="frame">
      <resolution width="480" height="640"/>
      <f>490.31097834159931</f>
      <cx>6.1053748187786709</cx>
      <cy>4.6958834009357702</cy>
    </calibration>
  </depth_map>
  <depth_map camera_id="13" level="1" path="1/d13.exr">
    <calibration type="frame">
      <resolution width="240" height="320"/>
      <f>245.15548917079965</f>
      <cx>3.0526874093893355</cx>
      <cy>2.3479417004678851</cy>
    </calibration>
  </depth_map>
  <depth_map camera_id="14" level="0" path="0/d14.exr">
    <calibration type="frame">
      <resolution width="480" height="640"/>
      <f>490.31097834159931</f>
      <cx>6.1053748187786709</cx>
      <cy>4.6958834009357702</cy>
    </calibration>
  </depth_map>
  <depth_map camera_id="14" level="1" path="1/d14.exr">
    <calibration type="frame">
      <resolution width="240" height="320"/>
      <f>245.15548917079965</f>
      <cx>3.0526874093893355</cx>
      <cy>2.3479417004678851</cy>
    </calibration>
  </depth_map>
  <depth_map camera_id="15" level="0" path="0/d15.exr">
    <calibration type="frame">
      <resolution width="480" height="640"/>
      <f>490.31097834159931</f>
      <cx>6.1053748187786709</cx>
      <cy>4.6958834009357702</cy>
    </calibration>
  </depth_map>
  <depth_map camera_id="15" level="1" path="1/d15.exr">
    <calibration type="frame">
      <resolution width="240" height="320"/>
      <f>245.15548917079965</f>
      <cx>3.0526874093893355</cx>
      <cy>2.3479417004678851</cy>
    </calibration>
  </depth_map>
  <depth_map camera_id="16" level="0" path="0/d16.exr">
    <calibration type="frame">
      <resolution width="480" height="640"/>
      <f>490.31097834159931</f>
      <cx>6.1053748187786709</cx>
      <cy>4.6958834009357702</cy>
    </calibration>
  </depth_map>
  <depth_map camera_id="16" level="1" path="1/d16.exr">
    <calibration type="frame">
      <resolution width="240" height="320"/>
      <f>245.15548917079965</f>
      <cx>3.0526874093893355</cx>
      <cy>2.3479417004678851</cy>
    </calibration>
  </depth_map>
  <depth_map camera_id="17" level="0" path="0/d17.exr">
    <calibration type="frame">
      <resolution width="480" height="640"/>
      <f>490.31097834159931</f>
      <cx>6.1053748187786709</cx>
      <cy>4.6958834009357702</cy>
    </calibration>
  </depth_map>
  <depth_map camera_id="18" level="0" path="0/d18.exr">
    <calibration type="frame">
      <resolution width="480" height="640"/>
      <f>490.31097834159931</f>
      <cx>6.1053748187786709</cx>
      <cy>4.6958834009357702</cy>
    </calibration>
  </depth_map>
  <depth_map camera_id="33" level="0" path="0/d33.exr">
    <calibration type="frame">
      <resolution width="640" height="480"/>
      <f>505.39049782893585</f>
      <cx>1.2292991788306153</cx>
      <cy>-2.175302732244603</cy>
    </calibration>
  </depth_map>
  <depth_map camera_id="33" level="1" path="1/d33.exr">
    <calibration type="frame">
      <resolution width="320" height="240"/>
      <f>252.69524891446792</f>
      <cx>0.61464958941530767</cx>
      <cy>-1.0876513661223015</cy>
    </calibration>
  </depth_map>
  <depth_map camera_id="33" level="2" path="2/d33.exr">
    <calibration type="frame">
      <resolution width="160" height="120"/>
      <f>126.34762445723396</f>
      <cx>0.30732479470765384</cx>
      <cy>-0.54382568306115076</cy>
    </calibration>
  </depth_map>
  <depth_map camera_id="34" level="0" path="0/d34.exr">
    <calibration type="frame">
      <resolution width="640" height="480"/>
      <f>505.39049782893585</f>
      <cx>1.2292991788306153</cx>
      <cy>-2.175302732244603</cy>
    </calibration>
  </depth_map>
  <depth_map camera_id="34" level="1" path="1/d34.exr">
    <calibration type="frame">
      <resolution width="320" height="240"/>
      <f>252.69524891446792</f>
      <cx>0.61464958941530767</cx>
      <cy>-1.0876513661223015</cy>
    </calibration>
  </depth_map>
  <depth_map camera_id="34" level="2" path="2/d34.exr">
    <calibration type="frame">
      <resolution width="160" height="120"/>
      <f>126.34762445723396</f>
      <cx>0.30732479470765384</cx>
      <cy>-0.54382568306115076</cy>
    </calibration>
  </depth_map>
  <depth_map camera_id="35" level="0" path="0/d35.exr">
    <calibration type="frame">
      <resolution width="640" height="480"/>
      <f>505.39049782893585</f>
      <cx>1.2292991788306153</cx>
      <cy>-2.175302732244603</cy>
    </calibration>
  </depth_map>
  <depth_map camera_id="35" level="1" path="1/d35.exr">
    <calibration type="frame">
      <resolution width="320" height="240"/>
      <f>252.69524891446792</f>
      <cx>0.61464958941530767</cx>
      <cy>-1.0876513661223015</cy>
    </calibration>
  </depth_map>
  <depth_map camera_id="36" level="0" path="0/d36.exr">
    <calibration type="frame">
      <resolution width="640" height="480"/>
      <f>505.39049782893585</f>
      <cx>1.2292991788306153</cx>
      <cy>-2.175302732244603</cy>
    </calibration>
  </depth_map>
  <depth_map camera_id="36" level="1" path="1/d36.exr">
    <calibration type="frame">
      <resolution width="320" height="240"/>
      <f>252.69524891446792</f>
      <cx>0.61464958941530767</cx>
      <cy>-1.0876513661223015</cy>
    </calibration>
  </depth_map>
  <depth_map camera_id="37" level="0" path="0/d37.exr">
    <calibration type="frame">
      <resolution width="640" height="480"/>
      <f>505.39049782893585</f>
      <cx>1.2292991788306153</cx>
      <cy>-2.175302732244603</cy>
    </calibration>
  </depth_map>
  <depth_map camera_id="37" level="1" path="1/d37.exr">
    <calibration type="frame">
      <resolution width="320" height="240"/>
      <f>252.69524891446792</f>
      <cx>0.61464958941530767</cx>
      <cy>-1.0876513661223015</cy>
    </calibration>
  </depth_map>
  <depth_map camera_id="38" level="0" path="0/d38.exr">
    <calibration type="frame">
      <resolution width="640" height="480"/>
      <f>505.39049782893585</f>
      <cx>1.2292991788306153</cx>
      <cy>-2.175302732244603</cy>
    </calibration>
  </depth_map>
  <depth_map camera_id="38" level="1" path="1/d38.exr">
    <calibration type="frame">
      <resolution width="320" height="240"/>
      <f>252.69524891446792</f>
      <cx>0.61464958941530767</cx>
      <cy>-1.0876513661223015</cy>
    </calibration>
  </depth_map>
  <depth_map camera_id="61" level="0" path="0/d61.exr">
    <calibration type="frame">
      <resolution width="640" height="480"/>
      <f>505.39049782893585</f>
      <cx>1.2292991788306153</cx>
      <cy>-2.175302732244603</cy>
    </calibration>
  </depth_map>
  <depth_map camera_id="62" level="0" path="0/d62.exr">
    <calibration type="frame">
      <resolution width="640" height="480"/>
      <f>505.39049782893585</f>
      <cx>1.2292991788306153</cx>
      <cy>-2.175302732244603</cy>
    </calibration>
  </depth_map>
</depth_maps>
